id,nameOld,nameNew,nameEn,lat,lon
0,Ἀμπροβίτσα,Ἀμπροβίτσα,Amprovitsa,39.548355, 20.992273
1,Αράχοβα,Ριζό,Rizo,39.6266574, 20.4115136
2,Αραχωβίτσα,Λευκοθέα,Lefkothea,39.6880964, 20.6585929
3,Αρδομίστα,Λογγάδες,Longades,39.6596027, 20.9402342
4,Άρδοση,Άρδοση,Ardosi, 39.4267883, 20.7189359
5,
6,Αρμάτοβο,Άρματα,Armata,40.0341020, 20.9674509
7,
8,
9,
10,Βάλτιστα,Χαραυγή,Charavgi, 39.8674930, 20.3969054
11,
12,
13,Βαλτσώρα,Πηγάδια,Pigadia, 39.4621451, 20.9668832
14,Βάνιστα,Κρύα,Krya,39.7195173, 20.8384296
15,Βαρπόβα,Δοβλά,Dovla, 39.5735562, 20.5470122
16,Βασταβέτσι,Πετροβούνι,Petrovouni,39.5739829, 21.0073426
17,Βίτσα,Βίτσα,Vitsa, 39.8735630, 20.7506323
18,
19,Βελλά,Βελλά,Vella,39.871288,20.625664
20,Βέλλιανη,Χρυσαυγή,Chrysavgi,39.4396307, 20.5337463
21,
22,Βελτσίστα,Κληματιά,Klimatia,39.7045231, 20.6720315
23,Βέρβα,Βέρβα,Vervë, 39.6796608, 20.2148140
24,
25,Βερνίκο,Βερενίκη,Vereniki, 39.5541719, 20.5529307
26,Βήσσανη,Βήσσανη,Vissani,39.9459301, 20.5334015
27,
28,
29,
30,
31,Βοϊνίκου,Προδρόμι,Prodromi,39.4271631, 20.5438625
32,Βομπλό,Σταυροδρόμι,Stavrodromi,39.9348122, 20.4122785
33,
34,
35,Βορτόπια,Αναβρυτό,Anavryto, 39.7008768, 20.4225975
36,Βοστίνα,Πωγωνιανή,Pogoniani,40.0038120, 20.4228591
37,Βοδίβιστα,Αμπελιά,Ampelia,39.5662353, 20.8341675
38,
39,
40,
41,
42,Βούρμπιανη,Βούρμπιανη,Vourmpiani,40.2395942, 20.7899779
43,
44,
45,
46,Βράνια,Βράνια,Vrania,39.675406,20.503299
47,Βράνιστα,Τράπεζα,Trapeza,40.1094086, 20.7584188
48,
49,
50,Βριάζα,Δίστρατο,Distrato,40.0273916, 21.0176036
51,
52,
53,
54,Βροσίνα,Βροσίνα,Vrosina,39.6457586, 20.5151375
55,
56,Γαβρισιοί,Γαβρισιοί,Gavrisii,39.8067212, 20.6945818
57,Μέγα Γαρδίκι,Μεγάλο Γαρδίκι,Megalo Gardiki, 39.7147994, 20.7560588
58,Γαρδίκι,Γαρδίκι,Gardiki,39.359011,20.564135
59,Γαρδίκι,Γαρδίκι,Gardiki,39.7163342, 20.4464935
60,
61,Γιάννιστα,Βασιλική,Vasiliki,39.6419974, 20.9475201
62,
63,
64,
65,
66,
67,Γκόλιο,Γκόλιο,Golio,40.2251553, 20.7252788
68,Γκόριτσα,Γκόριτσα,Goritsa,40.1449470, 20.7145278
69,
70,
71,
72,
73,
74,
75,Γκρίμπιανη,Αρετή,Areti,39.8297720, 20.5799188
76,Γκρίμποβο,Γκρίμποβο,Gribovo,39.6677472,20.5479622
77,
78,Γλαβίτσα,Αυλότοπος,Avlotopos,39.417357,20.6258043
79,
80,
81,Γλουμπουτσάρι,Γλουμπουτσάρι,Gloumpoutsari (?),39.45160,20.35383
82,Γολά,Γολά,Gola,39.5701138,20.4418801
83,
84,Γορίτσα,Γορίτσα,Goritsa,39.5824306, 20.9191448
85,Γορίτσα,Καλλιθέα,Kallithea,40.0090922, 20.6887106
86,Ηγουμενίτσα,Ηγουμενίτσα,Igoumenitsa,39.5045005,20.2639166
87,Γιουργάνιστα,Άγιος Χριστόφορος,Agios Christoforos,39.6365387,20.6272005
88,
89,
90,Γρανίτσα,Γρανίτσα,Granitsa,39.6112509, 20.5871297
91,Γράσδανη,Καταμάχη,Katamachi,39.4819410, 20.6626237
92,Γρατσανά,Ασπροχώρι,Asprochori,39.5009037, 20.7088446
93,Γρεβενίτι,Γρεβενίτι,Greveniti,39.8057235, 21.0040764
94,
95,
96,
97,Δέντσικο,Αετομηλίτσα,Aetomilitsa,40.3101349, 20.8553882
98,Δερβίζιανα,Δερβίζιανα,Derviziana,39.4010420, 20.7820814
99,
100,Δοβρά,Ασπράγγελοι,Aspraggeli,39.8224985, 20.7288145
101,Ντομπρίνοβο,Ηλιοχώρι,Iliochori,39.9804795, 20.9104572
102,Δόβρο,Πετράλωνα,Petralona,39.6645572, 20.7398686
103,Δόλιανη,Δόλιανη,Doliani,39.8215134, 20.9512317
104,Δολιανά,Δολιανά,Doliana,39.9019890, 20.5793221
105,Δολό,Δολό,Dolo (?),39.9911977, 20.4414754
106,Δομολεσσά,Δομολεσσά,Domolessa,39.5814339, 20.6222436
107,
108,
109,Δράγανη,Αμπελιά,Ampelia,39.4331137,20.4340728
110,Δραγάρι,Καστανώνας,Kastanonas,39.8479166, 20.9538381
111,Δραγοβέτσι,Έλαφος,Elafos,39.4393326, 20.7285289
112,Δραγουμή,Ζερβοχώρι,Zervochori,39.4123586,20.5632425
113,Δραγοψά,Δραγοψά,Dragopsa,39.5945241, 20.6836354
114,
115,
116,Δρεστενίκος,Τρίστενο,Tristeno,39.7930375, 21.0007271
117,
118,Έλεσνα,Αρτοπούλα,Artopoula,39.4947092, 20.6861079
119,
120,
121,Ζάβροχο,Ζάβροχο,Zavrocho,39.9141089, 20.3986584
122,
123,Ζαγόριανη,Χρυσορράχη,Chrysorrachi,39.8306570, 20.6137321
124,Ζαγόρτσα,Πολύγυρος,Polygyros,39.5769548, 20.6651184
125,Ζάλογγο,Ζάλογγο,Zalongo, 39.5993688, 20.5384657
126,
127,
128,
129,
130,Ζαραβίνα,Ζαραβίνα,Zaravina,39.9149621, 20.5395957
131,Ζαραβούτσι,Άγιος Νικόλαος,Agios Nikolaos,39.5437973, 20.6338821
132,
133,
134,Ζελεσσό,Ξηρόλοφος,Xirolofos,39.4121378, 20.5059872
135,Ζελίστα,Φωτεινό,Fotino,39.7496643, 20.5351464
136,Ζέλιστα,Εξοχή,Exochi,40.0979223, 20.7401840
137,Ζέλοβα,Βουνοπλαγιά,Vounoplagia,39.6910579, 20.7858877
138,
139,
140,
141,
142,
143,Ζίτσα,Ζίτσα,Zitsa,39.7520691, 20.6489231
144,
145,
146,
147,Ζόργιανη,Ζόργιανη,Zorgiani,39.5920159, 20.6463367
148,Ζώριστα,Πεντόλακκος,Pentolakkos, 39.4410460, 20.8175222
149,Γιρομέρι,Γιρομέρι,Giromeri,39.6401472,20.3234529
150,Ίσβορος,Αμάραντος,Amarantos,40.1618695, 20.7263565
151,Καλέντζι,Καλέντζι,Kalentzi,39.4911134, 20.9789022
152,
153,
154,Κάντσικο,Δροσοπηγή,Drosopigi (?),40.2116677, 20.9138559
155,
156,Καρίτσα,Καρίτσα,Karitsa,39.7357504, 20.6616340
157,Καπέσοβο,Καπέσοβο,Kapesovo,39.8880027, 20.7801105
158,Κεράσοβο,Κεράσοβο,Kerasovo, 39.8853537, 20.4698165
159,Κεράσοβο,Κερασιά,Kerasia,39.5543506, 20.6033471
160,Κεράσοβο,Αγία Παρασκευή,Agia Paraskevi,40.1454884, 20.8948024
161,
162,Κοβύλιανη,Πολύλοφο,Polylofo,39.6336016, 20.7054100
163,
164,
165,
166,Κόνιτσα,Κόνιτσα,Konitsa,40.0442949, 20.7432809
167,Κόντσικα,Κόντσικα,Kontsika, 39.6398717, 20.7583387
168,Κορύστιανη,Φροσύνη,Frosyni,39.4525502,20.5979548
169,Κορίτιανη,Κορίτιανη,Koritiani,39.5025005, 20.3794797
170,Κορίτιανη,Κορίτιανη,Koritiani,39.4929164, 20.9468972
171,
172,
173,Κοτόρτσι,Αετορράχη,Aetorachi,39.5191417, 20.9428321
174,Κουσοβίτσα,Αγία Μαρίνα,Agia Marina,39.8024061, 20.4346736,Κουσοβίτσα,Αγία Μαρίνα,Agia Marina,39.4711569, 20.3133720
175,Κρυφοβό,Κρυφοβό,Kryfovo,39.5047156, 20.9102058
176,Κωστάνιανη,Κωστάνιανη,Kostaniani,39.5888272, 20.7563972
177,Λάζαινα,Λάζαινα,Lazaina (?),39.5182482, 20.9556001
178,
179,Λαμπανίτσα,Ελαταριά,Elataria,39.5421811, 20.5146466
180,Λεαυσίστα,Κάτω Λαψίστα,Kato Lapsista,39.7510544, 20.7488930,Λεαυσίστα,Άνω Λαψίστα,Ano Lapsista,39.7416418, 20.7614653
181,
182,Λεσιανά,Αβγό,Avgo,39.5290167, 20.9020590
183,Λιασινίτσα,Βρυσοχώρι,Vrisochori,40.0004418, 20.8864588
184,
185,
186,Λιασκοβέτσι,Λεπτοκαρυά,Leptokaria,39.8230371, 20.9129119
187,Λιβίκιστα,Ζωτικό,Zotiko,39.4597512, 20.6735677
188,
189,Λίμποβο,Κρυονέρι,Kryoneri,39.6984986, 20.3930445
190,Λίππα,Λίππα,Lippa,39.4712695, 20.7467839
191,
192,Λιτονιάβιστα,Άνω Κλειδωνιά,Ano Kleidonia,39.9742953, 20.6812580
193,
194,Λοζέτσι,Ελληνικό,Elliniko,39.5494449, 20.9528302
195,Λούψικο,Κεφαλοχώρι,Kefalochori,40.2400937,20.8851799
196,Λιβιάχοβο,Άγιος Ανδρέας,Agios Andreas, 39.4717692, 20.7077726
197,Λωζανά,Λωζανά,Lozana,39.5507780, 20.5920940
198,Μακρίνο,Μακρίνο,Makrino, 39.8658964, 20.9656788
199,
200,Μέβδεζα,Παλαιόπυργος,Paleopyrgos,40.0280786, 20.4878575
201,Μελιγγοί,Μελιγγοί,Melingoí,39.5220552, 20.8002209
202,Μέτσοβο,Μέτσοβο,Metsovo,39.7693013, 21.1830479
203,
204,
205,
206,Μουκοβίνα,Μουκοβίνα,Moukovina,39.446194, 20.709350
207,Μουτσάλα,Νεροχώρι,Nerochori,39.6742626, 20.3937742
208,
209,Νέο Μπιζάνι,Νέο Μπιζάνι,Neo Bizani,39.5688334, 20.8715959
210,Μπέρκο,Μπέρκο,Berko,39.5833276, 20.7219316
211,Μπισδούνι,Ελεούσα,Eleousa,39.7064252, 20.7924395
212,
213,Μποζανίκο,Ορεινό,Orino,39.9717202,20.3376396
214,
215,
216,
217,
218,Μποροβάρι,Κυρά Παναγιά,Kyra Panagia,39.4028174, 20.4891760
219,
220,
221,Μποτσαράς,Βουτσαράς,Voutsaras, 39.6680756, 20.5872863
222,
223,Μπουρελέσα,Κουμαριά,Koumaria,39.5459357, 20.6806599
224,
225,Μπουτσικό,Πωγωνίσκος,Pogoniskos, 40.0551760, 20.5474700
226,
227,
228,
229,
230,
231,Νεγράδες,Νεγράδες,Negrades,39.8512964, 20.6595173
232,
233,
234,
235,
236,
237,
238,
239,Ντόλιανη,Αρχαία Φανοτή,Ancient Fanoti,39.5345264, 20.3534149
240,
241,Ντραμπάτοβα,Ντραμπάτοβα,Drabatova,39.682932,20.878653
242,
243,Ὀζερός,Παμβώτιδα,Pamvotida,39.66045,20.88889
244,
245,Οσδίνα,Πέντε Εκκλησιές,Pente Ekklisies,39.5961977, 20.4666707
246,
247,Όστανίτσα,Αηδονοχώρι,Aidonochori,40.0537044, 20.6014946
248,
249,
250,Παλαιοσέλλι,Παλαιοσέλλι,Paleoselli,40.0419227, 20.8873383
251,Πετροβίτσα,Πετροβίτσα,Petrovitsa, 39.5581375, 20.4799664
252,Πεστά,Πεστά,Pesta,39.4623177, 20.9172963
253,Πέστιανη,Κρυόβρυση,Kryovrysi,39.4846017, 20.3323485
254,Πλάβαλη,Αγία Βαρβάρα,Agia Varvara,40.1503832, 20.7335022
255,Πλέσια,Αγία Αναστασία,Agia Anastasia,39.5619414, 20.7374744
256,Πλαίσια,Πλαίσια,Plaisia,39.4905889, 20.9642467
257,Πλησίβιτσα,Πλαίσιο,Plaisio,39.6460153,20.2795465
258,Πογδορά,Λυκοστάνη,Lykostani,39.6289126, 20.6942959
259,Πογδόριανη,Παρακάλαμος,Parakalamos, 39.8620013, 20.5663400
260,
261,
262,Πόποβο,Αγία Κυριακή,Agia Kyriaki,39.4877711, 20.5698696
263,Μπουραζάνι,Μπουραζάνι,Bourazani,40.0544737, 20.6291632
264,Πράδαλλα,Παρδαλίτσα,Pardalitsa,39.5036741, 20.6343346
265,Πυροβίτσικα,Καλόβρυση,Kalovrysi, 40.0798894, 20.6190673
266,Ραβαινή,Ραβενή,Raveni,39.6520798, 20.4859260
267,Ραβένια,Ραβένια,Ravenia, 39.4885715, 20.9170474
268,Ραδοβίζι,Ραδοβίζι,Radivizi,39.5933197, 20.5745450
269,
270,
271,Ροδοτόβι,Ροδοτόπι,Rodotopi,39.7070797, 20.7257986
272,
273,
274,
275,Ριάχοβο,Ριάχοβο,Riachovo,39.7984307, 20.5929991
276,Ρογκοβού,Ρογκοβού,Rogovou,39.887414,20.811059
277,Σαλονίκη,Σαλονίκη,Saloniki,39.5244829,20.5573277
278,
279,Σαδοβίτσα,Μάρμαρα,Marmara, 39.6568216, 20.7963772
280,Σανοβό,Αετόπετρα,Aetopetra, 40.0459406, 20.6459264
281,Σιστρούνι,Σιστρούνι,Sistrouni, 39.4109650, 20.6983769
282,Σέλλιανη,Κρυσταλλοπηγή,Krystallopigi,39.4930977, 20.4628905
283,
284,Σέλτσανα,Σέλτσανα,Seltsana,39.6652341, 20.5649618
285,
286,Σέλτση,Οξυά,Oxya,40.2427376, 20.8191170
287,Σενίκο,Σενίκο,Seniko, 39.5663206, 20.6293489
288,Σερβιανά,Σερβιανά,Serviana, 39.5527908, 20.8978985
289,
290,
291,
292,Σκλιάβη,Άγιος Αρσένιος,Agios Arsenios,39.5349265, 20.3948659
293,Σκλούπο,Αμπελοχώρι,Ampelochori (probably a duplicate),39.5282821, 21.0304810
294,Σκουπίτσα,Άγιος Γεώργιος,Agios Georgios ,39.4995808, 20.4401193,Σκουπίτσα,Κεστρίνη,Kestrini,39.5601241, 20.1966125
295,
296,
297,Άνω Σουδενά,Άνω Πεδινά,Ano Pedina,39.8814858, 20.7066493,Κάτω Σουδενά,Κάτω Πεδινά,Kato Pedina, 39.8797635, 20.6756621
298,
299,
300,
301,Στάνοβο,Μανδρότοπος,Mandrotopos,39.3472424, 20.5622582
302,Σταρίτσιανη,Πουρνιά,Pournia, 40.1257274, 20.8460577
303,Στόλοβο,Διπόταμο,Dipotamo,39.7898723, 20.8754731
304,Στρατίνιστα,Στρατίνιστα,Stratinista, 39.8559089, 20.4806368
305,Στριγανέτσι,Διχούνι,Dichouni,39.572955,20.585415
306,
307,Στρούνι,Αμφιθέα,Amfithea, 39.6892265, 20.8691298
308,
309,Συρράκο,Συρράκο,Syrrako,39.5943251, 21.1073561
310,Σωπετσέλι,Δίλοφο,Dilofo,39.8533661, 20.7653198
311,Τέροβο,Τέροβο,Terovo,39.4116290, 20.8739217
312,Τζουμέρκα,Αθαμανικά,Athamanika,39.45651,21.26475
313,
314,
315,Τούρνοβο,Γοργοπόταμος,Gorgopotamos,40.2706758, 20.7657393
316,
317,
318,
319,
320,Τσαρκοβίστα,Δωδώνη,Dodoni,39.5438761, 20.7716938
321,
322,
323,Τσεπέλοβου,Τσεπέλοβου,Tsepelovo, 39.9056340, 20.8197921
324,Τσερβάρι,Ελαφότοπος,Elafotopos, 39.9010269, 20.6892731
325,Τσερίτσανα,Τσερίτσανα,Tseritsana,39.4948902, 20.7443285
326,Τσερνέσι,Ελατοχώρι,Elatochori,39.8717572, 20.9798091
327,
328,Φραστανά,Κάτω Μερόπη,Kato Meropi,40.0203346, 20.5180478
329,Φράστανα,Κυπαρίσσια,Kyparissia,39.5748316, 20.9329744
330,Χίνκα,Χίνκα,Chinka, 39.6164840, 20.6342513
331,
332,Χόικα,Χόικα,Choika,39.3428948, 20.5856885
333,Χρυσοβίτσα,Χρυσοβίτσα,Chrysovitsa,39.7796128, 21.0745906
334,
335,
336,Βουργαρέλι,Βουργαρέλι,Vourgareli, 39.3708399, 21.1837451
337,Βρατσίστα,Καστανιά,Kastania,39.3098895, 21.3048295
338,Βρεστενίτσα,Πηγές,Piges,39.2925981, 21.4006324
339,
340,
341,Βυρός,Βυρός,Vyros,39.209315,20.887998
342,Γαβριά,Γαβριά,Gavria, 39.1036104, 20.9490989
343,
344,Γουριανά,Γουριανά,Gouriana,39.4137084, 21.0345369
345,Γραμμενίτσα,Γραμμενίτσα,Grammenitsa,39.1830168, 20.9781848
346,Γρετσίτσα,Γραικικό,Graikiko,39.4118096, 21.0531563
347,Γρίμποβο,Γρίμποβο,Grimpovo,39.2120668, 20.9563966
348,Διχομοίρι,Διχομοίρι,Dichomoiri,39.2634150, 21.2121096
349,
350,
351,Κλείτσοβο,Κλειδί,Kleidi,39.1550371, 21.2058014
352,Κουσοβίστα,Κτιστάδες,Ktistades, 39.5091001, 21.0717770
353,
354,Λιβίτσικο,Ζυγός,Zygos,39.2074702, 21.0859349
355,Λεπιανά,Λεπιανά,Lepiana,39.4169108, 21.0904698
356,Λειψίστα,Αθαμάνιο,Athamanio,39.3762572, 21.2144781
357,
358,
359,
360,
361,Κάτω Μπάνι,Λουτρότοπος,Loutrotopos,39.071677,21.0378626,Άνω Μπάνη,Περάνθη,Peranthi,39.0835644,21.0502051
362,
363,Μπλαγκοβίτσα,Διάσελλο,Diasello, 39.1793223, 21.1876071
364,Μπλίσκα,Πλησιοί,Plisioi,39.1340362,20.9401679
365,Μπρένιστα,Κορφοβούνι,Korfovouni, 39.2474392, 20.9794257
366,
367,
368,
369,Πιστιανά,Δίστρατο,Distrato,39.2929211,21.0526388
370,Πιστιανά,Πιστιανά,Pistiana, 39.3059834, 20.9924813
371,
372,Πράμαντα,Πράμαντα,Pramanda,39.5228447, 21.1001557
373,
374,Ρετσιανά,Ρετσιανά,Retsiana, 39.2890300, 21.2665256
375,
376,Ροβέλιστα,Ροβέλιστα,Rovelista,39.2197212,21.2005637
377,
378,Σκλούπο,Αμπελοχώρι,Ampelochori,39.5282821, 21.0304810
379,Στρεβίνα,Καμπή,Kampi,39.2176982, 20.8998467
380,Σχωρέτσανα,Καταρράκτης,Katarraktis,39.4488616, 21.1028696
381,
382,Τσέρκιστα,Κλειστό,Kleisto,39.1796414, 21.0805427
383,Χώσεψη,Κυψέλη,Kypseli,39.3752809, 21.1143066
384,Αγόρανα,Τρίκαστρο,Trikastro,39.2818494, 20.6678277
385,
386,
387,Κάτω Βλάνδο,Κάτω Δεσποτικό,Kato Despotiko,39.1982844, 20.6559735,Ἄνω Βλάνδο,Δεσποτικό,Despotiko,39.2056576, 20.6683372
388,Βορδώ,Μονολίθι,Monolithi,39.4452252, 21.0203455
389,
390,Βράστοβο,Παλαιόκαστρο,Palaiokastro, 39.3862706, 20.4176689
391,Γάρλα,,,39.23978,20.55279
392,Γκολιάδες,Γυμνότοπος,Gymnotopos,39.2905382, 20.9035755
393,Γορίτσα,Σταυροχώρι,Stavrochori,39.2616635, 20.5664144
394,Ζάλογγο,Ζάλογγο,Zalongo,39.1458861, 20.6896003
395,Ζαροβίνα,Σκεπαστό,Skepasto, 39.2315457, 20.6199505
396,Ζέμελια,Ζέμελια,Zemelia,39.235708,20737
397,
398,
399,Άνω Κορύτιανη,Άνω Σκαφιδωτή,Ano Skafidoti,39.2861617, 20.6395279,Κάτω Κορύτιανη,Κάτω Σκαφιδωτή,Kato Skafidoti,39.2564892, 20.6346654
400,Κράβαρι,Άνω Ράχη,Ano Rachi, 39.2256587, 20.6760470
401,
402,Λέλοβα,Θεσπρωτικό,Thesprotiko,39.2516728, 20.7840565
403,Λιμποχοβο,Λιμποχοβο,Libochovo,39.137133,20.722339
404,
405,Μπονδάρι,Βαλανιδούσσα,Valanidoussa,39.2172020, 20.6350856
406,Νεμίτσα,Βουβοπόταμος,Vouvopotamos, 39.3085435, 20.6083736
407,Νιαγκάτες,Κορυφούλα,Koryfoula,39.2321886, 20.6489138
408,Πάργα,Πάργα,Parga,39.2852572, 20.3998169
409,
410,Ποδογόρα,Ριζοβούνι,Rizovouni,39.2611738, 20.8092944
411,Πρέβεζα,Πρέβεζα,Preveza, 38.9571673, 20.7516209
412,Σενίτσα,Ελευθέριο,Eleftherio,39.3154710, 20.4277495
413,Σμοκοβίνα,Καρτέρι,Karteri,39.3861729, 20.3805653
414,Σπλάντζα,Αμμουδιά,Ammoudia, 39.2389946, 20.4819963
415,Σφελένικο,Δρυόφυτο,Dryofyto, 39.2693319, 20.8833263
416,Τοπόλα,Χειμαδιό,Chimadio, 39.1661287, 20.5978095
417,Τσερκούβιανα,Εκκλησιές,Ekklisies, 39.1834584, 20.6275834
418,Αβαρίκος,Αβαρίκος,Avarikos,38.5302305, 21.7007416
419,
420,Αβώρανη,Λιβαδάκι,Livadaki,38.7236693, 21.9157072
421,Αράχοβα,Αράχοβα,Arachova,38.6874090, 21.8657742
422,Αμόρανη,Καταφύγιο,Katafygio,38.5178355, 21.9127680
423,Βάλτος,Μυρτιά,Myrtia (?),38.3347351, 21.7637781
424,Βελούχι,Τυμφρηστός,Tymfristos (?),38.9438671, 21.8241544
425,
426,
427,Βελβίνα,Βελβίνα,Velvina, 38.3978292, 21.7648915
428,Βελβίτσαινα,Παλαιόπυργος,Paleópyrgos,38.4983340, 21.8426290
429,Βετολίστα,Τερψιθέα,Terpsithea,38.5633364, 21.9733021
430,Ανω Βλοχός,Ανω Βλοχός,Ano Vlochos,38.6433180, 21.4873667
431,Βοϊνίκοβον,Ίναχος,Inachos,38.93771,21.34844
432,Βόνιτσα,Βόνιτσα,Vonitsa,38.9184883, 20.8893237
433,Βουλγαρι,Βουλγαρι,Boulgari,38.44335,21.43649
434,Βουλκαριά,Βουλκαριά,Voulkaria,38.864721200000005,20.834998716188657
435,Βρόστιανη,Ριγάνι,Rigani,38.4845702, 21.7714243
436,Βρουβιανά,Βρουβιανά,Vrouviana,39.1096919, 21.4107341
437,
438,Γουριώτισσα,Γουριώτισσα,Gouriotissa,38.6153166, 21.2218207
439,
440,
441,
442,Γκερτοβός,Αργυρό Πηγάδι,Argyro Pigadi,38.6899129, 21.7017180
443,
444,
445,Γολέμι,Γολέμι,Golemi,38.4926253, 21.8906608
446,Γουριά,Γουριά,Gouria,38.4728366, 21.2614332
447,Γουρίτσα,Μυρτιά,Myrtia,38.5879573, 21.6178473
448,Γούστιανη,Πάμφιο,Pamfio, 38.5077506, 21.6483555
449,Γρανίτσα,Ανθόφυτο,Anthofyton,38.4984884, 21.8748002
450,Δέλγας,Γάβρος,Gavros, 38.5099984, 21.8839898
451,Δερσοβά,Σπαρτοχώρι,Spartochori,38.8381268,21.008906742873016
452,Δορβιτσιά,Δορβιτσιά,Dorvitsa,38.5574930, 21.7947990
453,
454,Δραγαμέστο,Καραϊσκάκης,Karaiskakis, 38.5816464, 21.0897969
455,Ελετσού,Ελατού,Elatou, 38.5850682, 21.9770477
456,Ζαβέρδα,Πάλαιρος,Paleros, 38.7834938, 20.8827404
457,Ζάβιτσα,Αρχοντοχώρι,Archontochori,38.7014279, 21.0380703
458,Ζακώνινα,Παλαιοκαρυά,Paliokarya,38.6303583, 21.5638762
459,Ζαπάντι,Μεγάλη Χώρα,Megali Chora, 38.6483235, 21.3739396
460,Ζελίχοβο,Αγία Παρασκευή,Agia Paraskefi, 38.6856852, 21.5301401
461,Ζηλίστα,Κυδωνιά,Kydonia,38.7106178, 21.9623899
462,
463,
464,
465,Κλόκοβα,Κλόκοβα,Klokova, 38.3622113, 21.6823721
466,Κοζίτσα,Αμπελακιώτισσα,Ampelakiotissa,38.6138635, 21.8873371
467,Κονίσκα,Κονίσκα,Koniska, 38.6568352, 21.7492116
468,Κουσίνα,Κοκκινόβρυση,Kokkinovrysi,38.6970951, 21.7284248
469,Λεπενού,Λεπενού,Lepenou,38.7094130, 21.2890873
470,Μεγάλη Λομποτινά,Άνω Χώρα,Ano Chora,38.5921998, 21.9246214,Μικρή Λομποτινά,Κάτω Χώρα,Kato Chora,38.5973455, 21.9358077
471,Λυκοβίτσι,Λυκοβίτσι,Lykovitsi,38.650951,21.198667
472,Μαγούλα,Μαγούλα,Magoula,38.3943336, 21.2651008
473,Μαλεσιάδα,Μαλεσιάδα,Nea Malesiada, 38.8921568, 21.3460768
474,Μελίγκοβα,Μελίγκοβα,Meligova, 38.6335993, 21.7101474
475,Μεσολόγγι,Μεσολόγγι,Mesolongi, 38.3686353, 21.4283544
476,Μόκιστα,Αγία Σοφία,Agia Sofia,38.5829839, 21.6469903
477,
478,Μουρστιάνο,Λυσιμάχεια,Lysimachia, 38.5454859, 21.3373395
479,Μπαμπίνη,Μπαμπίνη,Babini, 38.6586374, 21.1465577
480,Μερδένικος,Παναγούλα,Panagoula,38.7081547, 21.0003335
481,Μπουνίκεβος,Πετρώνα,Petrona, 38.9261714, 21.4092120
482,
483,Μπρέσιακο,Μπρέσιακο,Bresiako,38.5420488, 21.3634321
484,Μωρόσκλαβο,Μωρόσκλαβο,Morosklavo,38.5169328, 21.6720008
485,Μωρόσκλαβο,Μωρόσκλαβο,Morosklavo (probably a duplicate),38.5169328, 21.6720008
486,Νίσβαρι,Κοκκινοχώρι,Kokkinochori,38.5206014, 21.9638290
487,
488,Οζερός,Οζερός,Ozeros,38.65477,21.22283
489,
490,Μικρά Παλούκοβα,Λεύκα,Levka,38.7291949, 21.9684832,Μεγάλη Παλούκοβα,Μανδρινή,Mandrini, 38.7302288, 21.9380629
491,Ποδολοβίτσα,Πεντάλοφο,Pentalofo,38.4843775, 21.2472145
492,Πόδος,Πόδος,Podos,38.5892327, 21.8772875
493,
494,Πριάντζα,Τρίκλινο,Triklino,38.9728102, 21.4452337
495,Προστοβά,Καλλιθέα, Kallithea,38.6239583, 21.6128071
496,Κάτω Ρέτσινα,Κάτω Ρέτσινα,Kato Retsina,  38.4291315, 21.4296358
497,
498,Σαμπατίνα,Αετόπετρα,Aetopetra, 38.6184561, 21.6766742
499,
500,
501,Σέλτσα,Διασελλάκι,Diaselaki,38.5936030, 21.7369352
502,Σιτίστα,Γραμμένη,Grammeni, 38.7365257, 22.0065866
503,Σκλάβαινα,Σκλάβαινα, Sklavaina,38.8146094, 20.9130492
504,Σμόλινα,Ελαιόφυτο,Elaiofyto, 38.6678781, 21.3842474
505,Σομπονίκον,Νερομάννα,Neromana,38.6177403, 21.5941094
506,
507,Στρωμίνιανη,Καλλονή,Kalloni, 38.6822784, 21.9758080
508,Συνίστα,Περδικόβρυση,Perdikovrysi, 38.6601268, 21.9020090
509,Τέρνοβα,Δενδροχώρι,Dendrochori, 38.6946034, 21.9365923
510,Τερπίτσα,Διπλάτανος,Diplatanon,38.6760301, 21.8069366
511,
512,
513,
514,Χρυσοβίτσα,Χρυσοβίτσα,Chrysovitsa,38.5888453,21.1467777
515,
516,
517,
518,
519,
520,Δράγανο,Δράγανο,Dragano,38.6829341, 20.5760797
521,Ρουδα,Ρουδα,Rouda,38.632842,20.698296
522,
523,Βιρός,Βιρός,Viros,39.5843566, 19.8828348
524,Γαρδικί,Γαρδικί,Gardiki,39.4767781,19.8850977
525,Γαρίτσα,Γαρίτσα,Garitsa,39.6139585, 19.9201766
526,Άνω Γαρούνα,Άνω Γαρούνα,Ano Garouna,39.5464984, 19.8725113,Κάτω Γαρούνα,Κάτω Γαρούνα,Kato Garouna,39.5390644, 19.8646829
527,Γαστούρι,Γαστούρι,Gastouri,39.5614979, 19.8988412
528,Δραγωτινά,Δραγωτινά,Dragotina,39.3837428, 20.0829746
529,Λογγός,Λογγός,Loggos,39.2258422, 20.1606580
530,
531,
532,Μπογδανάτικα,Μπογδανάτικα,Bogdanatika, 39.1897157, 20.1778755
533,Χλωμός,Χλωμός,Chlomos, 39.4566835, 19.9577759
534,Άμπλιανη,Άμπλιανη,Ampliani,38.7565660, 21.9072159
535,Ανδράνοβα,Ασπρόπυργος,Aspropyrgos,38.7870200, 21.6382479
536,Αράχωβα,Πεντάκορφο,Pentakorfo,38.7808525,21.5312034
537,Αραχωβίτσα,Πετράλωνα,Petralona,39.0108409, 21.8181929
538,Βελαόρα,Βαλαώρα,Valaora, 39.0387821, 21.4475718
539,Βελκοδίνο,Τρίδενδρο,Tridendro,39.1754485, 21.6252087
540,Βελτσίστα,Λιθοχώρι,Lithochori,39.1361262, 21.5081495
541,Βίνιανη,Βίνιανη,Viniani,38.988502,21.686674
542,Βρανιανά,Βραγγιανά,Vrangiana, 39.2084827, 21.6408089
543,Γόλιανη,Στεφάνι,Stefani,38.8880426, 21.7012443
544,Γοριανάδες,Γοριανάδες,Gorianades, 38.9079951, 21.7701712
545,Γρανίτσα,Γρανίτσα,Granitsa,39.1024254, 21.5110443
546,Δοβίτσινο,Σταυροχώρι,Stavrochori, 38.8027237, 21.5821209
547,Δολιανά,Στουρνάρα,Stournara,38.7690618, 21.7589515
548,Δομνίστα,Δομνίστα,Domnista,38.7569921, 21.8451592
549,Έλοβα,Άγιος Χαράλαμπος,Agios Charalampos,38.9932923, 21.8453126
550,Έλσανη,Μαυρομάτα,Mavrommata, 39.0642478, 21.7352526
551,Ερκίστα,Αγία Βλαχέρνα,Agia Vlacherna,38.8514554, 21.6421432
552,Ζελενίτσα,Πρασιά,Prasia,39.1869784, 21.4898474
553,
554,Καρίτσα,Καρίτσα,Karitsa,39.2586785,21.6966213
555,Καρίτσα,Καρίτσα,Karitsa,38.8036222, 21.7241599
556,Κεράσοβο,Κερασοχώρι,Kerasochori,39.0050326, 21.6383931
557,Κόνιαβη,Λημέρι,Limeri, 39.0680378, 21.5366954
558,Κορίκιστα,Καταβόθρα,Katavothra,38.7670265, 21.5925319
559,Κράβαρα,Κράβαρα,Kravara,38.70819,21.77645
560,
561,Λάστοβο,Χελιδώνα,Chelidona, 38.8077396, 21.6507078
562,Λεντίνη,Λεντίνη,Lentini,38.7914557,21.3746921
563,Λεπιανά,Λεπιανά,Lepiana,39.1244964, 21.4758309
564,
565,Μούχα,Μούχα,Mouha,39.2379608, 21.7646618
566,Μπελοκομίτη,Μπελοκομίτη,Belokomiti,39.2560020, 21.7335285
567,Ροσκά,Ροσκά,Roska,38.7462260, 21.7550838
568,Σελλά,Σελλά,Sella,38.8691541, 21.6820876
569,Σέλιτσα,Καστανούλα,Kastanoula,38.7564742, 21.7780252
570,Σέλο,Σέλο,Selo,39.0473004,21.6232984
571,Σοβολάκον,Ψηλόβραχος,Psilovrachos,38.8724078,21.5966025
572,Σιβίστα,Πρατοβούνι,Pratovouni,39.0231768,21.3852257
573,Τέρνοβα,Κυπάρισσος,Kyparissos,38.767717,21.4826661
574,Τέρνοβο,Παππαδιά,Pappadia,39.0043598, 21.7378018
575,Τέρνος,Μεσοκώμη,Mesokomi,38.7176809, 21.7987105
576,Τοπόλιανα,Τοπόλιανα,Topoliana, 39.0695683, 21.4450996
577,Τσερκοβοπτελιά,Φτελιά,Ftelia,38.8423713, 21.5978941
578,Τύρνος,Τόρνος,Tornos,38.7394953, 21.6746108
579,Χορίγκοβο,Κέδρα,Kedra,39.1830484, 21.4542318
580,Χρίσοβα,Χρίσοβα,Chrisova, 39.0001752, 21.4682496
581,Ψιανά,Ψιανά,Psiana,38.7680669, 21.7827046
582,
583,Βαλτσινό,Βαλτινό,Valtino, 39.5485974, 21.6605234
584,Βάνια,Πλάτανος,Platanos,39.6601164, 21.7685597
585,Βαριμπόμπη,Φήκη,Fiki,39.5165083, 21.6560018
586,
587,Βελιμίστι,Αγιόφυλλο,Agiofyllo,39.8639052, 21.5612903
588,Βελέσι,Δαφνοσπηλιά,Dafnospilia,39.2292605, 21.9482123
589,Βελίτσενα,Καλλιρρόη,Kallirroi,39.6268123, 21.2936583
590,Βετερνίκον,Νεραϊδοχώρι,Neraidochori,39.5294323, 21.4366244
591,Βιτουμάς,Βιτουμάς,Vitoumas,39.6472969, 21.6137353
592,Βίτσαινα,Πετροχώρι,Petrochori,39.4487478, 21.5206355
593,Βιτσίστα,Μεσοχώρα,Mesochora,39.4738284, 21.3252144
594,Βλαχάβα,Βλαχάβα,Vlachava,39.7748719, 21.6590900
595,Βοϊβόδα,Βασιλική,Vasiliki,39.6399204, 21.7047187
596,Βόργιαννη,Αχλαδοχώρι,Achladochori,39.6373699, 22.0217817
597,Βουνέσι,Μορφοβούνι,Morfovouni, 39.3522016, 21.7515317
598,
599,Βουλγάρα,Βουλγάρα,Voulgara,39.1066140, 21.9069790
600,
601,Βράνοι,Κηπάκι,Kipaki,39.569225,21.745253
602,
603,Βρόστιανη,Αμυγδαλή,Amygdali,39.3869898, 21.7078669
604,Γαρδίκι,Γαρδίκι,Gardiki, 39.5413673, 21.2580650
605,Γάβροβο,Γάβρος,Gavros,39.7991226, 21.5969206
606,
607,Γκέρμπεσι,Καρποχώρι,Karpochori,39.3356469, 22.0104640
608,
609,Γλίνος,Γλίνος,Glinos,39.5127858, 21.8639646
610,Γλογοβίτσα,Θερινό,Therino, 39.3566873, 21.5026999
611,
612,Γόλιτσα,Άγιος Ακάκιος,Agios Akakios, 39.3819104, 21.7718864
613,
614,
615,
616,
617,Γράλιστα,Ελληνόπυργος,Ellinopyrgos, 39.4003723, 21.7351341
618,Γρεβενοσελί,Νεράιδα,Neraida, 39.4480320, 21.2285295
619,
620,Γριμπιανά,Γριμπιανά,Grimpiana, 39.2288957, 21.3735404
621,Δοβρόι,Αετός,Aetos, 39.4615767, 21.2841088
622,Δολιανά,Δολιανά,Doliana, 39.6364946, 21.3479515
623,
624,Δραγοβίστι,Πολυθέα,Polythea,39.5984849, 21.2966166
625,
626,Ζαβλάνια,Παλαιόπυργος,Palaiopyrgos,39.6058672, 21.8137414
627,
628,Ζογλώπι,Ραχούλα,Rachoula, 39.2386463, 21.8731602
629,Ζάρκος,Ζάρκος,Zarkos,39.6097102, 22.1247160
630,Ζγκάρι,Αμμουδιά,Ammoudia,39.5321082, 21.6881353
631,Ζερέτσι,Κρυοπηγή,Kryopigi,39.3697185, 21.6642907
632,Καμνάι,Άγιος Νικόλαος,Agios Nikolaos,39.5498255, 21.3617253
633,Καρβουνολεπενίτσα,Πιάλεια,Pialia,39.5054133, 21.5952513
634,Καρδίτσα,Καρδίτσα,Karditsa,39.3646492, 21.9237698
635,Καρδιτσομαγούλα,Καρδιτσομαγούλα,Karditsomagoula,39.3917285, 21.9230408
636,Κλεινό,Κλεινό,Kleino,39.6689416, 21.4549514
637,Κλοκοτός,Κλοκοτός,Klokotos,39.5641790, 22.0100025
638,Κόζιακας,Κόζιακας,Koziakas,39.5473620, 21.5355260
639,Κονισκός,Κονισκός,Koniskos, 39.7798066, 21.8007012
640,Κοπρεντζί,Γεφύρια,Gefyria, 39.2919689, 22.1924457
641,Κοτόρι,Κατάφυτο,Katafyto,39.6353594, 21.2470529
642,Κουβέλτσι,Θεόπετρα,Theopetra,39.6740799, 21.6841486
643,Κούρσοβο,Ελληνόκαστρο,Ellinokastro,39.6893633, 21.7972129
644,Κούτσενα,Στουρναραίικα,Stournaraiika, 39.4531541, 21.4899905
645,Κράτσοβο,Κράτσοβο,Kratsovo,39.8108252, 21.4055698
646,
647,Λεπενίτσα,Ανθούσα,Anthousa,39.6614879, 21.2185589
648,Λεσιανά,Φιλύρα,Filyra,39.4920767, 21.6091971
649,Λέστενο,Διπόταμος,Dipotamos,39.5683819, 21.6996503
650,Λιάσκαβο,Πετρωτό,Petroto,39.3189350, 21.4300433
651,Λιμπόχοβο,Καλυβοχώρι,Kalyvochori,39.801726,21.327279
652,Λογγά,Λογγά,Longa,39.8042612, 21.9047736
653,
654,Λουζέστι,Ελάφι,Elafi,39.7140422, 21.4689916
655,
656,Μαγούλα,Μαγούλα,Magoula,39.4549778, 21.8044671
657,Μαγουλίτσα,Μαγουλίτσα,Magoulitsa,39.4394680, 21.7608603
658,Μέλιγος,Μέλιγος,Meligos,39.5464061, 21.6686421
659,
660,Μεσδάνι,Αγναντερό,Agnandero,39.4843188, 21.8465623
661,Μολεντζικό,Καλή Κώμη,Kali Komi,39.3608465, 21.4068301
662,
663,
664,
665,Μπελέτσι,Παλαιομονάστηρο,Paleomonastirio, 39.4626702, 21.6577529
666,Μπλάσδο,Μοσχάτο,Moshato,39.3192495, 21.7938422
667,
668,Μποροβίκος,Αμπελοχώρι,Ampelochori, 39.7567172, 21.3345937
669,
670,Μπουκοβίτσα,Ανθηρό,Anthiro,39.3475613, 21.4583315
671,Μυρόκοβο,Μυρόφυλλο,Myrofyllo,39.3676188, 21.3263899
672,Όστροβος,Αγναντιά,Agnantia, 39.8676061, 21.4652422
673,Παλαιογαρδίκι,Πέλιννα,Pelinna,39.574018,21.924250
674,
675,Πάνιτσα,Διάσελλο,Diasello,39.7030131, 22.0166265
676,Πιτσαρί,Αρτεσιανό,Artesiano, 39.4034544, 21.8952232
677,Μεγάλη Πολιάνα,Πηγή,Pigi, 39.5109250, 21.7014546,Μικρή Πολιάνα,Μουριά,Mouria,39.4894325, 21.7180045
678,Ράκοβα,Ψαθοχώρι,Psathochori,39.4748671, 21.9913371
679,Ράχοβο,Καστανιά,Kastania,39.4500380, 21.5386327
680,Ρεντίνα,Ρεντίνα,Rentina, 39.0630628, 21.9786964
681,Ριζάβα,Ριζοβούνι,Rizovouni,39.4384566, 21.8672325
682,Ροποτό,Ροποτό,Ropoto,39.4199035, 21.5418645
683,Σελιπιανά,Καταφύλλι,Katafylli, 39.2088878, 21.4099891
684,Σερβωτά,Σερβωτά,Servota, 39.5051940, 21.9068055
685,Σερμένικο,Φυλακτή,Filakti,39.3038264, 21.6794289
686,Σκλάταινα,Ρίζωμα,Rizoma,39.6647988, 21.7344521
687,Σκλάταινα,Δρακότρυπα,Drakotrypa,39.3977104, 21.5985385
688,Σκλήβενο,Λαφίνα,Lafina,39.4441797, 21.2567961
689,Σμόκοβο,Λουτροπηγή,Loutropigi,39.1176377, 22.0452960
690,Παλαιά Σμόλια,Αγρελιά,Agrelia,39.7182048, 21.9306088,Νέα Σμόλια,Κουμαριά,Koumaria,39.7284828, 21.8893689
691,
692,Στρούζα,Πεύκη,Pefki,39.7953698, 21.3806107
693,Τολπίτσα,Χαϊδεμένη,Chaidemeni,39.6162208, 21.7684788
694,Τουρναβό,Χρυσαυγή,Chrysavgi,39.5849709, 21.8547862
695,Τρίκαλα,Τρίκαλα,Trikala,39.5560869, 21.7678844
696,
697,
698,Τύρνα,Ελάτη,Elati,39.5020582, 21.5388585
699,Τυφλοσέλι,Δροσοχώρι,Drosochori, 39.5387512, 21.3572949
700,Τυχάι,Ξυλοχώρι,Xylochori,39.4931624, 21.5197921
701,Χάρμα,Χάρμα,Charma,39.4194305, 21.7804353
702,
703,Χώταινα,Αηδονοχώρι,Aidonochori, 39.0941857, 21.9703827
704,Βαρόσι,Βαρόσι,Varosi,39.896930,22.186833
705,Βαλέτσικο,Βαλέτσικο,Valetsiko,39.884454,22.265488
706,Βουλγαρινή,Έλαφος,Elafos,39.5792457, 22.7836779
707,Βούναινα,Βούναινα,Vounena, 39.5013797, 22.2443233
708,Βούρμπα,Μηλέα,Milea, 40.0289843, 22.0755418
709,Γλίκοβο,Σαραντάπορο,Sarantaporo,40.0677605, 22.0528318
710,
711,Γκουρτζιόβαλι,Βοτανοχώρι,Votanochori, 39.8172228, 22.2375271
712,Δελίνιτσα,Γεράνια,Gerania,40.0113483, 22.1352342
713,Δέσιανη,Αετόλοφος,Aetolofos,39.6870158, 22.7250234
714,Δριάνοβο,Δρυμός,Drymos,39.9156846, 22.1472920
715,
716,
717,Κάπιστα,Σωτηρίτσα,Sotiritsa,39.7402475, 22.8074287
718,Καρίτσα,Καρίτσα,Karitsa,39.8431022, 22.7626651
719,Κίσσαβος,Όσσα,Ossa,39.7957104, 22.6851571
720,Κοκκωτοί,Κοκκωτοί,Kokkoti, 39.0789188, 22.7742684
721,Κονιατσή,Ευαγγελισμός,Evangelismos,39.8399447, 22.1049695
722,Μαγούλα,Μαγούλα,Magoula,39.8139174, 22.0804595,Ὀρμὰν Μαγούλα,Δασόλοφος,Dasolofos,39.3455060, 22.4932901,Πασσά Μαγούλα,Δενδράκι,Dendraki,39.3384297, 22.3866688
723,
724,
725,Μπαλαμούτι,Ιτέα,Itea,39.8628226, 22.5194319
726,Μπαλτζί,Κυψελοχώρι,Kypselochori,39.7665579, 22.5327368
727,Μυλόγουστα,Μεσοχώρι,Mesochori,39.7481319, 22.1035222
728,Νεζερός,Καλλιπεύκη,Kallipefki,39.9667219, 22.4599919
729,Νιβόλιανη,Ξυνιάδα,Xyniada,39.066111, 22.273889
730,Νιβόλιανη,Μεγαλόβρυσο,Megalovryso,39.7374155, 22.7532972
731,
732,Πουλιάνα,Κρυόβρυση,Kryovrysi,39.9804504, 22.3309469
733,
734,Ρέτσιανη,Μεταξοχώρι,Metaxochori,39.7240486, 22.7419101
735,Σάντοβο,Καλλιθέα,Kallithea,39.9810568, 22.1900773
736,Σελίτσανη,Ανατολή,Anatoli, 39.7453887, 22.6963075
737,Σέλος,Πύθιο,Pythio,40.0653823, 22.2325060
738,
739,Τσαριτσάνη,Τσαριτσάνη,Tsaritsani,39.8804320, 22.2282775
740,Τσερνίλο,Αγιονέρι,Agioneri,39.8632969, 22.1206681
741,Τύρναβος,Τύρναβος,Tyrnavos, 39.7388604, 22.2882216
742,Αβαρίτσα,Μελιταία,Melitea,39.0449099, 22.4518288
743,Άνω Αγόριανη,Άνω Αγόριανη,Ano Agoriani, 39.1202054, 22.2086941,Κάτω Αγόριανη,Εκκάρα,Ekkara, 39.1550648, 22.1969328
744,Ανιφίτσα,Ανιφίτσα,Anifitsa,38.70576820378569, 22.772360184572648
745,Αρτοτίνα,Αρτοτίνα,Artotina,38.6993682, 22.0350097
746,Άνω Βαρδάτες,Άνω Βαρδάτες,Ano Vardates,38.8095255, 22.4139698,Κάτω Βαρδάτες,Νέο Κρίκελλο,Neo Krikello, 38.8245864, 22.4330822
747,Βαρυμπόπη,Μακρακώμη,Makrakomi,38.941665, 22.115188
748,Βελίτσα,Τιθορέα,Tithorea,38.5846251, 22.6675306
749,
750,Βελέσι,Καμαρόβρυση,Καμαρόβρυση,38.967152689779674, 22.90139809299029
751,Βούζι,Βούζι,Vouzi,39.1387446, 22.3783764
752,Γαρδικάκι,Οίτη,Oeti, 38.7414360, 22.4027700
753,Γαρδίκι,Γαρδίκι,Gardiki, 38.8346366, 21.9736756
754,Γαρδίκι,Πελασγία,Pelasgia,38.9470064, 22.8406125
755,Γαβριανή,Γαβριανή,Gavriani,39.0008973, 22.8758877
756,Γουλέμι,Γουλέμι,Goulemi, 38.7086021, 22.9347293
757,
758,Γρεβενό,Γρεβενό,Greveno,38.8217179, 22.2879051
759,Ντερνίτσα,Τιθρώνιο,Tithroni,38.7128226, 22.5810066
760,Δίβρη,Δίβρη,Divri,38.9764109, 22.4527077
761,Ζαπάντι,Ζαπάντι,Zapanti,39.01532,22.3030
762,Ζέλι,Ζέλι,Zeli, 38.6591788, 22.8754090
763,Ζέλη,Ζηλευτό,Zilevto, 38.9311477, 22.2605840
764,Ζεμιανή,Δίκαστρο,Dikastro,38.9922577, 21.9421284
765,Ζητούνι,Λαμία,Lamia,38.8993832, 22.4335820
766,Καρούτια,Πύργος,Pyrgos (?),38.4193217, 22.0192073
767,Κίσσελη,Πάνορμος,Panormos (?),38.3730512, 22.2494079
768,Κούρνοβο,Τρίλοφο,Trilofo,38.9987912, 22.2213680
769,Λιάσκοβο,Μεσοχώρι,Mesochori, 38.8601310, 22.1777641
770,Λιμογάρδι,Λιμογάρδι,Limogardi,38.9501638, 22.5134624
771,Λιτόσελο,Λιτόσελο,Litoselo, 38.9734469, 21.9958323
772,Λογγίτσι,Λογγίτσι,Longitsi,38.9859465, 22.5645342
773,Λογγός,Λογγός,Longos,38.7638910, 22.9111945
774,Μάκρυσι,Μάκρη,Makri, 38.9471242, 22.1438114
775,Μαλεσίνα,Μαλεσίνα,Malesina,38.6230127, 23.2306945
776,Μάντετσι,Περιστέρι,Peristeri,38.8338660, 22.1616948
777,Μενδενίτσα,Μενδενίτσα,Mendenitsa,38.7508562, 22.6169799
778,Μπουγομήλα,Αργυροχώρι,Argyrochori,38.8766875, 22.2535984
779,
780,Μπούφλιανη,Δίλοφο,Dilofo,38.8608440, 22.1282473
781,Νίκοβα,Άνυδρο,Anydro,38.9231918, 22.7016627
782,Οζερός,Άγιος Στέφανος,Agios Stefanos,39.0249654, 22.2534503
783,Προκοβενίκος,Σκαμνός,Skamnos,38.7466348, 22.4495972
784,
785,
786,
787,Σέλιανη,Μάρμαρα,Marmara, 38.8041889, 22.1067561
788,Σμόκοβο,Πύργος,Pyrgos,38.8146294, 22.1711086
789,Στάγια,Πλάτανος,Platanos,38.8208991, 21.9950405
790,
791,
792,Τσερνοβίτι,Παλαιοκερασιά,Palaiokerasia,38.9293141, 22.7309523
793,
794,Χάρμα,Χάρμα,Charma,38.73927,22.74397
795,Χλωμόν,Χλωμόν,Chlomon,39.0863279, 22.9450601
796,Χλωμό,Χλωμό,Chlomo,38.5994370, 23.0025066
797,Βελεστίνο,Βελεστίνο,Velestino,39.3810537, 22.7458478
798,Βυζίτσα,Βυζίτσα,Vizitsa,39.3339127, 23.1317894
799,Βόλος,Βόλος,Volos, 39.3624833, 22.9401864
800,Βρύναινα,Βρύναινα,Vrynena, 39.0673564, 22.8097802
801,Γορίτσα,Γορίτσα,Goritsa,39.354019, 22.976979
802,
803,Ζαγορά,Ζαγορά,Zagora,39.4437575, 23.1033311
804,
805,Κόνιαρι,Χλόη,Chloi,39.401389, 22.730278
806,
807,Μακρινίτσα,Μακρινίτσα,Makrinitsa,39.401667, 22.986667
808,Μπιστινίκα,Ξινόβρυση,Xinovrisi,39.2492293, 23.2605323
809,Νεβεστίκι,Νεβεστίκι,Nevestiki,39.3316, 23.0527
810,Πλιασίδι,Πλιασίδι,Pliasidi,39.4017289, 23.0241696
811,Σταγιάτες,Σταγιάτες,Stagiastes,39.38889, 22.98417
812,Βαρυμπόμπη,Δάφνη,Dafni,38.4670374, 24.1159532
813,Βελούσια,Βέλος,Velos, 38.3906704, 24.0922726
814,Βίρα,Αργυρό,Argyro,38.3086111, 24.1491347
815,Βιστρίτσα,Νέα Σινασός,Nea Sinasos, 38.9671567, 23.1650730
816,Βούζι,Λοφίσκος,Lofiskos, 38.4832987, 24.1135156
817,Γαλατσάδες,Γαλατσάδες,Galatsades, 38.8924967, 23.1711424
818,Γραμπιά,Γραμπιά,Grampia,38.0336557, 24.4271514
819,Δράζι,Δαφνούσσα,Dafnoussa, 38.7202541, 23.4554723
820,Ζαπάντι,Δροσιά,Drosia, 38.4173002, 24.1338574
821,Ζάρκα,Ζάρακες,Ζάρακες,38.3027521, 24.1919216
822,Καλέντζι,Καλέντζι,Kalentzi, 38.3535889, 24.1002268
823,
824,Καλλιανοί,Καλλιανοί,Kalliani, 38.6142419, 24.0790893
825,
826,Κουρμπάτσι,Αρτεμίσιο,Artemisio,39.0115692, 23.2263703
827,
828,Μπεζάνοι,Παραδείσι,Paradisi,38.0795468, 24.3784235
829,Ποτάκι,Ασμήνιο,Asminio,39.0026228, 23.1978432
830,Ρεούζι,Ζωοδόχος Πηγή,Zoodochos Pigi, 38.1743594, 24.2464432
831,
832,Άβορος,Άβορος,Avaros, 38.5013643, 22.1321890
833,
834,Αγλαβίστα,Περιβόλι,Perivoli,38.5377129, 22.1003622
835,Αγόριανη,Αγόριανη,Agoriani,38.5963567, 22.4942639
836,Αράχωβα,Αράχωβα,Arachova,38.4800715, 22.5841959
837,Βάλτος,Βάλτος,Valtos,  38.3526089, 22.5924708
838,Βάργιανη,Βάργιανη,Bargiani,38.6420955, 22.4236808
839,
840,Βελενίκος,Ελαία,Elea,38.3867672, 22.1121404
841,
842,Βελούχοβο,Κάλλιο,Kallio, 38.5526128, 22.1711376
843,Βιτρινίτσα,Τολοφώνα,Tolofonas,38.3672805, 22.1936243
844,Βοστινίτσα,Δάφνος,Dafnos,38.6392492, 22.0979723
845,Βίδαβη,Άγιοι Πάντες,Agii Pantes,38.3680386, 22.2950239
846,
847,Γαρδενίτσα,Ευκάλυπτος,Efkaliptos,38.626856719414874, 23.07180219589803
848,
849,
850,Γουρίτσα,Πυρά,Pyra,38.7426146, 22.2713729
851,Γραβιά,Γραβιά,Gravia,38.6717417, 22.4314180
852,Γρανίτσα,Διακόπι,Diakopi,38.5956586, 22.1214976
853,Δρεστενά,Τρίστενο,Tristeno,38.6088509, 22.0559021
854,
855,
856,
857,
858,Καρούτες,Καρούτες,Karoutes, 38.5265625, 22.2639415
859,
860,Κονιάκος,Κονιάκος,Koniakos,38.6422114, 22.1776083
861,Κουκοβίστα,Καλοσκοπή,Kaloskopi, 38.6891681, 22.3224644
862,
863,Λούτσοβο,Κόκκινο,Kokkino,38.5504888, 22.1233708
864,Μάκρυσι,Μακρινή,Μακρινή,38.4334775, 22.1241534
865,
866,Μπέλεσι,Ανθοχώρι,Anthochori (?),38.5529692, 22.8289033
867,Μπόγδανογ,Ριγκουναίικα,Rigouneika,38.59178119479446, 22.89870242998926
868,Πλέσσα,Αμυγδαλιά,Amigdalia,38.4187176, 22.2224820
869,
870,
871,
872,Στρούζα,Αιγίτιο,Aigitio, 38.4903911, 22.1689288
873,Στρώμη,Στρώμη,Stromi, 38.7073456, 22.2567242
874,Τοπόλια,Ελαιώνας,Eleonas, 38.5488263, 22.4188061
875,Χλωμός,Χλωμός,Chlomos (gone),38.653339,22.407775
876,Χούμποβο,Χούμποβο,Choubovo (gone),38.575574,22.863954
877,Αγόριανη,Αγία Παρασκευή,Agia Paraskevi,38.3945818, 22.9831480
878,
879,Βελής,Προσήλιο,Prosilio,38.5012104, 22.9265937
880,Βρανέζι,Άγιος Σπυρίδωνας,Agios Spyridonas, 38.4621644, 22.9578126
881,Βράτσι,Τανάγρα,Tanagra,38.3279631, 23.5367220
882,Γρανίτσα,Λαφύστι,Lafystio, 38.4300847, 22.9193511
883,Γριμάδα,Γριμάδα,Grimada (gone),38.30535,23.58539
884,Δομβραίνα,Δομβραίνα,Domvriana, 38.2532351, 22.9819280
885,
886,Ζαγαρά,Ευαγγελίστρια,Evangelistria,38.3422521, 23.0224628
887,Ζερίκια,Ελικώνας,Elikonas, 38.3655998, 22.8397301
888,Κακόσι,Θίσβη,Thisvi,38.2582276, 22.9695948
889,Καρδίτσα,Ακραίφνιο,Akrefnio,38.4559555, 23.2197594
890,Κριμπάτσι,Καλοχώρι-Παντείχι,Kalochori-Pantichi,38.3914082, 23.5948435
891,Πετρομαγούλα,Πετρομαγούλα,Petromagoula, 38.4932754, 22.9835130
892,Μπάλτσα,Μελισσοχώρι,Melissochori,38.2669198, 23.2351060
893,Ούγγρα,Υλίκη,Iliki,38.4333345, 23.3025137
894,Στανιάτες,Οινόφυτα,Oinofyta,38.3074629, 23.6382036
895,Στεβενίκο,Αγία Τριάδα,Agia Triada,38.3549721, 22.9094725
896,Στροβίκι,Στροβίκι,Stroviki, 38.4790153, 23.1053028
897,Τοπόλια,Κάστρο,Kastro,38.4933050, 23.1611547
898,Χλεμποτσάρι,Ασωπία,Asopia, 38.2984793, 23.4998129
899,Βαρυμπόμπη,Βαρυμπόμπη,Varympompi,38.1299992, 23.7893666
900,
901,Μπελέτσι,Μπελέτσι,Mpeletsi, 38.2169445, 23.8155613
902,
903,Βουρβά,Βουρβά,Vourva,37.971685,23.945456
904,Βρανάς,Βρανάς,Vranas,38.1223316, 23.9474976
905,Ζάγανη,Ζάγανη,Zagani, 37.9678302, 23.9663500
906,Ζαστάνι,Ζαστάνι,Zastani,38.0335275,23.6428708,Ζάστανη,Ζάστανη,Zastani,38.2713001, 23.9344299
907,Καλέντζι,Βόθωνας,Vothonas,38.1766487, 23.9200893
908,Μαγούλα,Μαγούλα,Magoula, 38.0791202, 23.5217004
909,Μπάλα,Μπάλα,Bala,37.963964,23.899244
910,
911,Ρέντη,Ρέντη,Renti,37.9648533,23.6732181
912,
913,Τατόι,Τατόι,Tatoi,38.162341,23.794071
914,Χαλκούτσι,Χαλκούτσι,Chalkoutsi,38.3317030, 23.7344443
915,Χαρβάτι,Παλλήνη,Pallini,38.0039681, 23.8810850
916,Χαρβάτι,Χαρβάτι,Charvati,37.8667200, 23.9955598
917,Αραχωβίτικα,Καριώτικα,Kariotika,38.0870284,22.5771919
918,Βάλτος,Βάλτος,Valtos,38.052369, 22.5918
919,Μέγας Βάλτος,Μέγας Βάλτος,Megas Baltos,38.0050019, 22.6458152,Μικρός Βάλτος,Μικρός Βάλτος,Mikros Baltos,38.0169646, 22.6390814
920,Βέλο,Βέλο,Velo,37.9769691, 22.7608590
921,Βελίνα,Βελίνα,Velina,37.9801496, 22.5610174
922,Βλαντούσια,Στύλια,Stylia, 38.0011830, 22.5606270
923,Βοϊβοντά,Τιτάνη,Titani,37.9193607, 22.6217920
924,Γαβριάς,Γαβριάς,Gavrias,37.8849550, 22.5749670
925,
926,Ζάχολη,Ευρωστίνα,Evrostina, 38.0711789, 22.3956745
927,Ζεμενό,Ζεμενό,Zemeno,38.0296400, 22.6058660
928,Καλιανοί,Καλιανοί,Kaliani, 37.8899791, 22.4955634
929,Κλένια,Κλένια,Klenia, 37.7874223, 22.8617111
930,Κολαντζίκι,Κολαντζίκι,Kolantziki,37.923713,23.122895
931,Κουνιάνικα,Κουνιάνικα,Kounianika (gone),38.068859,22.402783
932,Λέχωβα,Λέχωβα,Lechova,37.938821,22.610005
933,Λούζι,Ελληνικό,Elliniko,38.1004924, 22.4876246
934,
935,Μποζικάς,Μποζικάς,Bozikas,37.9149749, 22.6095372
936,Μπούζι,Κυλλήνη,Kyllini, 37.8975179, 22.4718715
937,
938,Πουλίτσα,Πουλίτσα,Poulitsa,37.9578447, 22.7706881
939,Σουσάκι,Σουσάκι,Sousaki,37.9156392, 23.0664268
940,Τρίκαλα,Τρίκαλα,Trikala,37.9885165, 22.4660942
941,Άκοβα,Άκοβα,Akova,37.6451359, 22.6874757
942,Βαρδουβά,Τρίστρατο,Tristrato,37.6751093, 22.7445438
943,Βρούστι,Βρούστι,Vrousti,37.6568347, 22.6073042
944,
945,Γκέρμπεσι,Μιδέα,Midea, 37.6612373, 22.8435130
946,Ζάβιτσα,Ζάβιτσα,Zavitsa, 37.4593010, 22.7039627
947,Λεσιά,Καλλονή,Kalloni,37.5388510, 23.2885416
948,Μεγάλη Μαγούλα,Μεγάλη Μαγούλα,Megali Magoula,37.50080085,23.424750774326824
949,Μερζές,Εξώστης,Exostis, 37.5706688, 22.8430868
950,
951,Άνω Μπελέσι,Κεφαλόβρυσο,Kefalovryso,37.6987615, 22.4727789,Κάτω Μπέλεσι,Λύρκεια,Lyrkia,37.7050294, 22.5509145
952,
953,Πάνιτσα,Ίναχος,Inachos,37.671927,22.669682
954,
955,Ράδο,Ράδο,Rado,37.5171828, 23.2063113
956,Ρόμβη,Ρόμβη,Romvi,37.508571200000006,22.862587445694395
957,Τουρνίκι,Τουρνίκι,Tourniki,37.5953647, 22.5256255
958,Χαρβάτι,Μυκήνες,Mikines,37.7195030, 22.7457451
959,Αλέσταινα,Αλέσταινα,Alestena,37.8767322, 21.9821368
960,Αναστάσοβα,Ανάσταση,Anastasi, 37.9096423, 22.0068995
961,Αρραβωνίτσα,Αρραβωνίτσα,Aravonitsa,38.2632128, 21.9774832
962,Αραγόζενα,Άλσος,Alsos, 38.2467919, 21.9799423
963,
964,Αράχωβα,Εξοχή,Exochi, 38.0487475, 22.3172691
965,Άρλα,Άρλα,Arla,38.0573069, 21.5982875
966,Βαλκουβίνα,Άμπελος,Ampelos,38.1398287, 22.3341641
967,Βάλτος,Βάλτος,Valtos,37.9239179, 22.2001488
968,Βάλτα,Βάλτα,Valta, 38.1159047, 22.0666674
969,Βελβίτσι,Χάραδρο,Charado, 38.2600928, 21.8092628
970,
971,Βιλιβίνα,Βιλιβίνα,Vilivina,38.1234912, 22.1106205
972,Άνω Βελιτσές,Άνω Βελιτσές,Ano Velitses, 37.9530726, 21.5305397,Κάτω Βελιτσές,Κάτω Βελιτσές,Kato Velitses, 37.9437314, 21.5314473
973,Βελά,Βελά,Vela, 38.0703633, 22.3157333
974,
975,Βεργουβίτσα,Μοναστήρι,Monastiri,38.0783502, 22.3576210
976,Βερσοβά,Χρυσάνθιο,Chrisanthio,38.1020362, 22.3234462
977,Βερσίτσι,Σειρές,Seires,37.8731086, 21.9532583
978,
979,Βίδοβα,Καλαμάκι,Kalamaki,38.1562474, 21.4936686
980,Βισοκά,Σκεπαστό,Skepasto, 38.0432551, 22.0741335
981,Βλωβοκά,Αιγές,Aiges,38.0999096, 22.3610258
982,
983,Βόβοδα,Κάτω Μαυρίκιο,Kato Mavriki, 38.2073311, 22.0646779
984,Βοστίτσα,Αίγιο,Egio,38.2505699, 22.0852909
985,Βραχνί,Βραχνί,Vrachni, 38.0367459, 22.1739635
986,Βρώστενα,Λόφος,Lofos,38.1316164, 22.1930511
987,
988,Γαρδενά,Κερύνεια,Kerinia, 38.2017248, 22.1208852
989,Γκέρμπεσι,Προφήτης Ηλίας,Profitis Ilias, 38.0595079, 21.8994529,Μέσα Γκέρμπεσι,Ακρωτήριο,Akrotirio, 38.1864706, 21.3870892,Γκέρμπεσι,Άραξος,Araxos,38.1652451, 21.4086813
990,Γολέμι,Γολέμι,Golemi,38.1422952, 21.9201024
991,Γουμένισσα,Γουμένισσα,Goumenissa,38.0613500, 22.0312665
992,Γρεβενό,Σπαρτιά,Spartia,37.9807228, 21.7918459
993,Δεσινό,Δεσινό,Desino, 37.9334612, 21.9920503
994,Δουμενά,Δουμενά,Doumena,38.1048624, 22.1373534
995,Δούνιτσα,Λεύκη,Lefki,37.9387264, 22.0816114
996,Δράγανο,Πετροχώρι,Petrochori,38.0864148, 21.5419706
997,Δρεστενά,Σταυρός,Stavros,38.1467561, 21.6687403
998,Δροβολοβό,Δροβολοβό,Drovolovo,37.9390489, 21.9709881
999,
1000,Ζουμπάτα,Πηγή,Pigi,38.1488756, 21.8694587
1001,Κακοτάρι,Κακοτάρι,Kakotari,37.8392403, 21.7006528
1002,Καλάβρυτα,Καλάβρυτα,Kalavryta,38.0333853, 22.1103931
1003,Καλέντζι,Καλέντζι,Kalentzi,37.9504058, 21.7614086
1004,Καλούσι,Καλούσι,Kalousi,38.0332960, 21.8002307
1005,Καμενιάνοι,Καμενιάνοι,Kamenianoi,37.9311677, 21.9630935
1006,Καμενίτσα,Καμενίτσα,Kamenitsa,38.1311600, 21.6019338
1007,
1008,Κερέσοβα,Κερασιά,Kerasia,37.9261255, 21.9311205
1009,
1010,Κόκοβα,Σκοτάνη,Skotani,37.8554061, 22.0702801
1011,Κουνινά,Κουνινά,Kounina,38.1958352, 22.0198547
1012,
1013,Κράλη,Άγιος Νικόλαος,Agios Nikolaos,38.0968334, 21.6073807
1014,Κρασέτζα,Αγία Βαρβάρα,Agia Varvara,37.9318838, 21.6305924
1015,Κρόκοβα,Σελινούντας,Selinoudas,38.2214147, 22.0962687
1016,Κυρίτσοβα,Κορφές,Korfes,38.0873315, 22.0310303
1017,Λόγγος,Λόγγος,Longos,38.2941690, 22.0213599
1018,Λουμπούστα,Βουνόπυργος,Bounopyrgos,38.207904,21.904930
1019,Μιχόι,Μιχόι,Michoi, 37.9716342, 21.5084213
1020,Μοστίτσι,Δρυμός,Dromos,37.9071207, 22.0321115
1021,Μορόχοβα,Πλάκα,Plaka, 37.9175480, 21.8664039
1022,Μπάλας,Μπάλας,Mpalas,38.2544347, 21.7989610
1023,Μπράτι,Πολύλοφο,Polylofo,38.0188966, 21.5722466
1024,
1025,Ομπλού,Ομπλού,Oblou, 38.1728295, 21.7739838
1026,Πεπελενίτσης,Πεπελενίτσης,Pepelnitsi,38.1773360, 22.0144613
1027,Πιτίτσα,Πιτίτσα,Pititsa, 38.2672304, 21.8962966
1028,Ποροβίτσα,Ποροβίτσα,Porovitsa,38.1345569, 22.3096902
1029,
1030,
1031,
1032,Προστοβίτσα,Δροσιά,Drosia,37.9174663, 21.7442041
1033,Ραλλιά,Στάση Κερπινής,Station Kerpini,38.0527930, 22.1445194
1034,Ρίκαβα,Ρίκαβα,Rikava,38.037222, 21.860833
1035,Ῥουφιᾶς,Αλφειός,Alfeios,37.61086,21.45560
1036,Σαλμενίκο,Σαλμενίκο,Salmeniko,38.2733661, 21.9475870
1037,Σαντομέρι,Σαντομέρι,Sandomeri,37.9878760, 21.5739259
1038,Σελιανίτικα,Σελιανίτικα,Selianitika,38.2829212, 22.0275058
1039,Σέλιτσα Πτέρη,Κάτω Πτέρη,Kato Ρteri, 38.1799169, 22.1303614
1040,Σελλά,Σελλά,Sella, 38.2829189, 21.8820702
1041,Σελιάνα,Σελιάνα,Seliana,38.0549122, 22.3503056
1042,Σοπωτό,Αροανία,Aroania, 37.8851940, 22.0120408
1043,Σούβαρδο,Σούβαρδο,Souvardo,38.0504646, 22.1772482
1044,Σουδενά,Κάτω Λουσοί,Kato Lousi,37.9929256, 22.1389712
1045,Στρέζοβα,Δάφνη,Dafni,37.8069651,22.0234542
1046,Συλίβαινα,Συλιβαινιώτικα,Sylivainiotika,38.1611311,22.331897
1047,Συρμπάνι,Πριόλιθος,Priolithos,37.9340599,22.0409247
1048,Τοπόλοβα,Αγία Παρασκευή,Agia Paraskevi,38.1353647,21.8318772
1049,Τραγανόν,Νέος Ερινεός,Neos Erineos,38.290754,22.0029838
1050,
1051,Φώσταινα,Φώσταινα,Fostaina,38.0821024,21.5914736
1052,Χελμός,Αροάνια,Aroania,37983,22183
1053,Χόζοβα,Ψωφίδα,Psofida,37.877793,21.9010224
1054,Βερβινή,Κρυόβρυση,Kryovrysi,37.9208986,21.8052005
1055,Βρανάς,Βρανάς,Vranas,37.8676200, 21.1819974
1056,Γαστούνη,Γαστούνη,Gastouni,37.8507048,21.2542417
1057,Γερμοτσάνι,Πλατανίτσα,Platanitsa,37.9464534,21.8561927
1058,Γιάρμενα,Φολόη,Foloi,37.7906298,21.7185465
1059,Γκορτζιά,Λιναριά,Linaria,37.6479797,21.6844251
1060,Γούμερο,Γούμερο,Goumero,37.7618373,21.6198842
1061,Γρανιτσαίικα,Γρανιτσαίικα,Granitsaiika,37.6830912,21.3676137
1062,Δίβρη,Λάμπεια,Lambia,37.8579587,21.8075223
1063,Δρούβα,Δρούβα,Drouva,37.6417465,21.6194165
1064,Τερόν,Ανάληψη,Analipsi,37.8082887,21.4366503
1065,Καλίτσα,Αμαλιάδα,Amaliada,37.7971312,21.35145
1066,Κάμενα,Κάμενα,Kamena,37.6542414,21.7284848
1067,
1068,
1069,Λεστινίτσα,Ενιπέας,Enipeas,37.719503,21.581762
1070,Κάτω Λουκάβιτσα,Αυγή,Avgi,37.8654835,21.4808493,Άνω Λουκάβιτσα,Κάμπος,Kаmpos,37.8690463,21.5022042
1071,Μαγούλα,Μαγούλα,Magoula,37.7264822,21.5362849
1072,
1073,Μεσολογγάκι,Δουναίικα,Dounaika,37.7421476,21.3307133
1074,Μοστενίτσα,Ορεινή,Orini,37.8707636,21.852343
1075,
1076,Μπουκοβίνα,Αγία Τριάδα,Agia Trias,37.8622583,21.6471541
1077,
1078,Μπράτι,Σταφιδόκαμπος,Stafidokampos,37.8941638,21.2926523
1079,Νεμούτα,Νεμούτα,Nemouta,37.7007409,21.79184
1080,
1081,Πορετσό,Αγράμπελα,Agrampela,37.9263816,21.8473792
1082,
1083,
1084,Τραγανό,Τραγανό,Tragano,37.6808109,21.4081812,Τραγανό,Τραγανό,Tragano,37.8978656,21.3140329
1085,Τσίπιανα,Τσίπιανα,Tsipiana,37.8726981,21.7618214
1086,
1087,Χλεμούτσι,Χλεμούτσι,Chlemoutsi,37.8906821, 21.1410611
1088,Αγορέλιτσα,Αμπελόφυτο,Ampelofyto,37.0537601,21.6946937
1089,Αγουλινίτσα,Επιτάλιο,Epitalio,37.6270957,21.4959889
1090,Ασούτενα,Παλαιά Βρύση,Palaia Vrysi ,37.1631197,21.7562204
1091,Βάλτα,Βάλτα,Valta,37.1022975,21.6261986
1092,Βαρυμπόπη,Μοναστήρι,Monastiri,37.231963,21.817972
1093,Βερβίτσα,Πετράλωνα,Petralona,37.4376861,21.8319646
1094,Βερεστιά,Σταυρός,Stavros,37.1222596,21.736217
1095,
1096,Βλάκα,Χρυσοχώρι,Chrysochori,37.3405128,21.8633993
1097,Βρεστό,Βρεστό,Vresto,37.5092321,21.7999252
1098,Γάρδιτσα,Περιβόλια,Perivolia,37.4128052,21.849449
1099,Γολέμη,Ροδινά,Rodina,37.4913144,21.7180812
1100,
1101,Δέλγα,Πέτρα,Petra,37.4229894, 21.9496860
1102,Δραγώγιο,Δραγώγιο,Dragogio,37.4143506,21.8747686
1103,Ζελέχοβα,Αμυγδαλιές,Amygdalies,37.4976974,21.845176
1104,Καλίτσαινα,Καλίτσαινα,Kalitsena, 37.3771327, 21.8104306
1105,
1106,
1107,Κρέστενα,Κρέστενα,Krestena,37.5923491,21.6212195
1108,Λεσοβίτι,Άνυδρο,Anydro,37.1928868,21.7971769
1109,Λογγό,Λογγό,Loggo,37.5246733,21.7747496
1110,Μακρίσια,Μακρίσια,Markisia,37.609715,21.6061165
1111,Μάλη,Μάλη,Mali,37.1733321,21.7147728
1112,Μουνδρά,Φασκομηλιά,Faskomilia,37.4386939,21.7506392
1113,Μπελούσι,Συκιές,Sykies,37.526281,21.8898118
1114,
1115,Μπλεμενιάνοι,Μπλεμενιάνοι,Blemenianoi,	37.2461565,21.6999452
1116,Μπούζι,Ελαία,Elaia,37.37528,21.6908395
1117,Μπούζι,Νέδα,Neda,37375, 21.682778
1118,
1119,Νίβιτσα,Λιβαδάκι,Livadaki,	37.5302585,21.8141533
1120,
1121,Ποδαγορά,Περδικονέρι,Perdikoneri,37.1807974,21.6769362
1122,Ρίσοβο,Κρουνοί,Krouni,37.5765664,21.6167678
1123,Ρόβια,Ρόβια,Rοvia,37.4910747,21.939309
1124,Ρογκοζιό,Αλίφειρα,Alifeira,37.53966855,21.862900307985072
1125,Σελλάς,Σελλάς,Sellas,37.2081055,21.7854219
1126,
1127,Σκλαβέικα,Πτέρη,Pteri,37.3801567,21.771646
1128,Σκλήβα,Μηλέα,Milia,37.5158362,21.7309603
1129,Στροβίτσι,Λέπρεο,Lepreo,37.4371208,21.7202581
1130,Αράχοβα,Αράχοβα,Arachova,37.6111065,21.9886059
1131,Βαλτεσινίκο,Βαλτεσινίκο,Valtesiniko,37.7047319,22.0974098
1132,Βαλτέτσι,Βαλτέτσι,Valtetsi,37.476358,22.2839216
1133,
1134,Βελιγοστή,Βελιγοστή,Veligosti,37.3243212,22.1215062
1135,
1136,Βερβίτσα,Τρόπαια,Tropea,37.7322241,21.9584315
1137,Βερζοβά,Παρθένι,Partheni,37.4740917,22.5159046
1138,
1139,Βλόγγος,Βλόγγος,Vlongos,37.5939426,21.9960632
1140,
1141,
1142,Βούτσης,Βούτσης,Voutsis,37.7679325,21.8589135
1143,Γαλτενά,Αετοχώρι,Aetochori,37.3958716,22.597457
1144,Γαρδίκι,Αναβρυτό,Anavryto,37.3404265,22.2351115
1145,Γαρζενίκος,Ελάτη,Elati,37.6268214,22.1490955
1146,
1147,Γαβριά,Γαβριά,Gavria,37.3305907,22.1386184
1148,Γλανιτζιά,Μυγδαλιά,Mygdalia,37.7484053,22.0804521
1149,Γλόγοβα,Δρακοβούνι,Drakovouni,37.7749579,22.1151965
1150,
1151,Γρανίτσα,Νυμφασία,Nymfasia,37.6919808,22.1841888
1152,Δερμπούνι,Λύκαιο,Lykaio,37.4137218,22.0021564
1153,
1154,Δίβριτσα,Δήμητρα,Dimitra,37.7843377,21.9251733
1155,Κάτω Δολιανά,Κάτω Δολιανά,Kato Doliana,37.4314811,22.6794582,Άνω Δολιανά,Άνω Δολιανά,Ano Doliana,37.3867362,22.4981449
1156,Δραγαλεβός,Έλατος,Elatos,37.3510346,22.5477584
1157,Ελληνίτσα,Ελληνίτσα,Ellinitsa,37.2723085,22.1061304
1158,
1159,Ζαράκοβα,Μαίναλο,Mainalo,37.5356728,22.3081859
1160,
1161,Ζέλι,Κάνδαλος,Kandalos,37.4156983,22.3657267
1162,Ζέρζοβα,Παναγία,Panagia,37.5588309,21.9899958
1163,Ζιγοβίστι,Ζιγοβίστι,Zigovisti,37.5875901,22.0686679
1164,Καλλιάνι,Καλλιάνι,Kalliani,37.6891978,21.9244793
1165,Καλτεζές,Καλτεζές,Kaltezes,37.3230743,22.3224547
1166,Καμενίτσα,Καμενίτσα,Kamenitsa,37.7286322,22.1935234
1167,Καντρέβα,Ασέα,Asea,37.420486,22.2603117
1168,Καρύταινα,Καρύταινα,Karytaina,37.4848347,22.0426691
1169,
1170,Κλειβωκά,Κλειβωκά,Klivoka,37.772649,21.892177
1171,Κλινίτσα,Υψούς,Ipsous,37.57782,22.08093
1172,Κοκκοράς,Κοκκοράς,Kokkoras,37.5801893,21.9373165
1173,
1174,
1175,
1176,Κραμποβός,Καστανοχώρι,Kastanochori,37.4166907,22.0199373
1177,Λιμποβίσι,Λιμποβίσι,Libovisi,37.5828943,22.1965478
1178,Λογγάρι,Λογγάρι,Longari,37.0675609,22.937031
1179,
1180,Μαγούλα,Μαγούλα,Magoula,37.4581113,22.4524778
1181,Μαγούλιανα,Μαγούλιανα,Magouliana,37.6778526,22.1268009
1182,Μάσκλινα,Ελαιοχώρι,Eleochori,37.4574227,22.5695048
1183,Ορεινή Μελιγού,Ορεινή Μελιγού,Orini Meligou,37.3590382,22.6582584,Χειμερινή Μελιγού,Χειμερινή Μελιγού,Chimerini Meligou,37.3978042,22.7258068
1184,Μερζές,Νέα Εκκλησούλα,New Ekklisoula,37.4374421,22.1384254
1185,Μερκινίζα,Λιθαρός,Litharos,37.6263734,21.8989453
1186,
1187,Μπεζενίκος,Βλαχέρνα,Vlacherna,37.7216271,22.2494664
1188,Μπέλεσι,Τριποταμιά,Tripotamia,37.6144548,21.7973177
1189,
1190,Μπουκοβίνα,Πελέκι,Peleki,37.7796355,21.8630014
1191,Μπουλιάρης,Μπουλιάρης,Bouliaris,37.7372686,22.0130134
1192,Μπούγα,Κοκκινορράχη,Kokkinorrachi,37.6611569,21.9377456
1193,Μπρατίτσα,Παρνασσός,Parnasos,37.6380722,21.9066701
1194,Νεμνίτσα,Μεθύδριο,Methydrio,37.6351786,22.1756155
1195,Ντούμινα,Βάθηα,Vathia,37.4077249,22.5754169
1196,Ξηροκαρίταινα,Ξηροκαρίταινα,Xyrokaritaina,37.7920264,21.9932254
1197,
1198,Παραλογγοί,Παραλογγοί,Paralongi,37.8324819,21.8474879
1199,Πιάνα,Πιάνα,Piana,37.574773,22.2379221
1200,
1201,Ποδογορά,Πουρναριά,Pournaria,37.7831456,22.0356626
1202,Πραστός,Πραστός,Prastos,37.263075,22.6840388
1203,Ράδος,Ράδος,Rados,37.6164727,22.0998832
1204,Ρεκούνι,Λευκοχώρι,Lefkochori,37.6928659,21.9779019
1205,Σέρβου,Σέρβου,Servou,37.6584884,21.984698
1206,
1207,Σίταινα,Σίταινα,Sitena,37.2909076,22.6508872
1208,Στεμνίτσα,Στεμνίτσα,Stemnitsa,37.5560928,22.0831223
1209,Στόλος,Στόλος,Stolos,37.4041868,22.6238684
1210,Στρούζα,Ριζοσπηλιά,Rizospilia,37.5663447,21.953586
1211,Σιλίμνα,Σιλίμνα,Silimna,37.5077814,22.3214615
1212,Συριάμου,Μουριά,Mouria,37.762481,22.0188309
1213,Τοπόριστα,Θεόκτιστο,Theoktisto,37.7960937,22.1268114
1214,
1215,Τρεστενά,Μελισσόπετρα,Melissopetra,37.589676,21.9901361
1216,Τρεστενά,Χάραδρος,Charadros,37.3369585,22.6782378
1217,Τσάρνη,Πτεριά,Pteria,37.7437462,22.0198259
1218,
1219,Τσιάρεσι,Λιβαδάκι,Livadaki,37.6394864,21.8272627
1220,Τσιπιανά,Νεστάνη,Nestani,37.6138091,22.4651669
1221,Χελμός,Χελμός,Chelmos,37.2790122, 22.2578151
1222,Χράνοι,Χράνοι,Chrani,37.322856,22.0331339
1223,Χρυσοβίτσι,Χρυσοβίτσι,Chrysovitsi,	37.54663,22.2112282
1224,
1225,Άκοβος,Άκοβος,Akovos,37.1927288,22.1623571
1226,Μεγάλη Αναστάσοβα,Νέδουσα,Nedousa,37.1431322,22.2334315,Μικρή Αναστάσοβα,Πηγές,Piges,37.0991361,22.2429167
1227,Αράχοβα,Αράχοβα,Arachova,37.0392646,22.2209232
1228,Αράχωβα,Πηγή,Pigi,37.3522789, 21.9290133
1229,Βάλτουκα,Εξοχικό,Exochiko,36.8481609,21.8430904
1230,
1231,
1232,Κάτω Γαράντζα,Κάτω Μέλπεια,Kato Melpeia,37.3289188,21.9308798,Άνω Γαράντζα,Άνω Μέλπεια,Ano Melpeia,37.3511007,21.946411
1233,Γαρδίκι,Άνω Μέλπεια,Ano Melpeia,37.1061773,22.0695577,Γαρδίκι,Κάτω Μέλπεια,Kato Melpeia,37.1100947,22.0608736
1234,Γιάλοβα,Γιάλοβα,Gialova,36.9511132,21.7016223
1235,
1236,
1237,Γριβιτσά,Ευαγγελισμός,Evangelismos,36.8329991,21.7697609
1238,Γρίζι,Ακριτοχώρι,Akritochori,36.7984168,21.8428042
1239,Δήμιοβας,Δήμιοβας,Dimiovas,37.0406744,22.200635
1240,Ζαγάρενα,Κορομηλέα,Koromilia,37.1557965,21.8489714
1241,Ζαπάντι,Κρύα Βρύση ,Krya Vrysi,37.0094284,22.2664489
1242,Ζερμπίσια,Ζερμπίσια,Zermpisia,37.1990414,21.8907389
1243,Ίκλαινα,Ίκλαινα,Iklaina,36.9956329,21.7232169
1244,
1245,Κατσίκοβο,Κατσίκοβο,Katsikovo,37.0652963,22.0731708
1246,Κριβιτσά,Ευαγγελισμός,Evangelismos (duplicate ?),36.8329991,21.7697609
1247,
1248,Λογγά,Λογγά,Longa,36.8691818,21.9064596
1249,Μαγούλα,Μαγούλα,Magoula,37.2353087,21.9614724
1250,Μάκρενα,Μάκρενα,Makrena,37.1515897,21.7665914
1251,Μίσκα,Νερόμυλος,Neromylos,37.0111886,21.8784673
1252,Μπάλα,Πεύκο,Pefko, 37.2063792, 22.0797372
1253,
1254,Πολαίνα,Πλατανόβρυση,Platanovrysi,37.1136979,21.8059553
1255,Πολιανή,Πολιανή,Poliani,37.1571659,22.1391997
1256,Πουλίτσι,Πουλίτσι,Poulitsi,37.1296601,21.8212113
1257,Ράδος,Περδικόβρυση,Perdikovrysi,37.1364799,21.8199969
1258,
1259,Ρομήρι,Μεσοπόταμος,Mesopotamos,36.9781483,21.8278438
1260,Σίτσοβα,Αλαγονία,Alagonia,37.1073274,22.2438378
1261,
1262,Τσερνίτσα,Αρτεμισία,Artemisia,37.0995956,22.2302237
1263,
1264,Χρύσοβα,Χρυσότοπος,Chrysotopos,37.2145409, 21.8430911
1265,Αγόριανη,Αγόριανη,Agoriani,37.2064388,22.2694146
1266,Αράχωβα,Καρυοβούνι,Karyovouni,36.8566224,22.3421716
1267,Αράχοβα,Καρυές,Karies,37.2916783,22.5006427
1268,
1269,Μπαρσινίκος,Ταϋγέτη,Taygeti,37.062562,22.3561958
1270,Βάρσοβα,Αγία Ειρήνη,Agia Eirini,37.097911,22.3683733
1271,Βελιές,Βελιές,Velies,36.7071755,22.9472378
1272,Βούταμο,Άγιος Φωκάς,Agios Fokas,36.5972695,23.0581405
1273,Βρέσθενα,Βρέσθενα,Vresthena,37.2263007,22.4979675
1274,
1275,
1276,
1277,Κάτω Γαρδενίτσα,Κάτω Γαρδενίτσα,Kato Gardenitsa,36.531466,22.3959037,Άνω Γαρδενίτσα,Άνω Γαρδενίτσα,Ano Gardenitsa ,36.531685,22.4004781
1278,
1279,
1280,Γκοριτσά,Γκοριτσά,Goritsa,37.0290317,22.5640791
1281,Γονέα,Γονέα,Gonea,36.6282215,22.4980566
1282,Γόλα,Γόλα,Gola,36.926991,22.414781
1283,Γοράνοι,Γοράνοι,Gorani,36.9184161,22.4360493
1284,Γούρνιτσα,Αγία Σοφία,Agia Sofia,36.895235,22.2450566
1285,
1286,Άνω Δολοί,Άνω Δολοί,Ano Doloi,36.9374821,22.1757824,Κάτω Δολοί,Κάτω Δολοί,Kato Doloi,36.9361726,22.1732085
1287,
1288,Ελιά,Ελιά,Elia,36.5004544,22.3802402
1289,Ζαγάνο,Ζαγάνο,Zagano,37.0406663,22.4675999
1290,Ζαρνάτα,Ζαρνάτα,Zarnata,36.9346285,22.195032594045877
1291,Ζελίνα,Μελιτίνη,Melitini,36.8557901,22.4621868
1292,Ζερμπίτσα,Ζερμπίτσα,Zerbitsa,36.9422812,22.4457143
1293,Ζούπενα,Άγιοι Ανάργυροι ,Agii Anargiri,37.0266254,22.6224567
1294,Καρύνια,Καρύνια,Karynia,36.5369756,22.4222304
1295,Καρίτσα,Καρίτσα,Karitsa,37.0085057,22.7763643
1296,Κλαδάς,Κλαδάς,Kladas,37.1075654,22.4305964
1297,Κόζι,Πολύδενδρο,Polydendro,37.056739,22.404615
1298,
1299,Κοτίτσα,Κοτίτσα,Kotitsa,37.2204829,22.2568384
1300,
1301,
1302,
1303,
1304,Λιαντίνα,Λιαντίνα,Liantina,36.9189155,22.4486836
1305,
1306,
1307,Λογγάρι,Λογγάρι,Longari,36.7758259,23.042739
1308,Λοσνά,Πηγή,Pigi,36.8104101,22.3185269
1309,Μαγούλα,Μαγούλα,Magoula,37.0800801,22.4047466
1310,
1311,
1312,
1313,Κάτω Μπουλαριοί,Κάτω Μπουλαριοί,Kato Boularii,36.4937544,22.4041609,Άνω Μπουλαριοί,Άνω Μπουλαριοί,Ano Boularii,36.4920696,22.4151724
1314,
1315,
1316,
1317,
1318,Νομπρεβίτσα,Ελαιοχώρι,Eleochori,36.7163058,22.3682068
1319,
1320,
1321,Παγανέα,Παγανέα,Paganea,36.6651616,22.5430865
1322,Πάνιτσα,Μυρσίνη,Myrsini,36.749315,22.4495628
1323,
1324,Πολιάνα,Άγιος Νίκων,Agios Nikon,36.751651,22.3352923
1325,Πολοβίτσα,Πολοβίτσα,Polovitsa,36.9305184,22.4558997
1326,Ρεγκόζενα,Άγιος Κωνσταντίνος,Agios Konstantinos,37.2208637,22.2829844
1327,Ῥεκίτσα,Ῥεκίτσα,Rekitsa,37.2169173,22.2209964
1328,Ριβιώτισσα,Ριβιώτισσα,Riviotissa,37.049476,22.4438536
1329,Ρόζοβα,Λεμονέα,Lemonea,36.8465778,22.472926
1330,Σβήνα,Σωματιανά,Somatiana,36.7844903,22.3377718
1331,Σελίνιτσα,Άγιος Νικόλαος,Agios Nikolaos,36.8243276,22.2811442
1332,Σελινίτσα,Σελινίτσα,Selinitsa,36.7842585,22.5721161
1333,
1334,
1335,
1336,
1337,
1338,Σκλαβοχώρι,Αμύκλες,Amykles,37.0235807,22.4363807
1339,Σοχά,Σοχά,Socha,37.0057121,22.3844402
1340,Τόμπρα,Προφήτης Ηλίας,Profitis Ilias,36.7649251,22.4366413
1341,
1342,
1343,Τσεροβά,Δροσοπηγή,Drosopigi,36.6748409,22.4602452
1344,
1345,
1346,
1347,Βουλγάρω,Βουλγάρω,Voulgaro,35.4543158,23.6985451
1348,
1349,Γαράζο,Γαράζο,Garazo,35.3439669,24.7878589
1350,Ζαγουριάνοι,Ζαγουριάνοι,Zagouriani,35.23369367337444, 25.17727862745529
1351,Λαγκά,Λαγκά,Laga,35.343709,24.6765351
1352,Μούντρος,Μούντρος,Moundros,35.2767438,24.3674569
1353,Πλεμενιανά,Πλεμενιανά,Plemeniana,35.3231065,23.7217796
1354,Ροδοβάνι,Ροδοβάνι,Rodovani,35.2890466,23.7823815
1355,Σκλαβεροχώρι,Σκλαβεροχώρι,Sklaverochori,35.207538,25.321357
1356,
1357,Σκλάβοι,Σκλάβοι,Sklavi,35.1023999,26.0769924
1358,Σκλαβοπούλα,Σκλαβοπούλα,Sklavopoula,35.2990656,23.612194
1359,
1360,Τοπόλια,Τοπόλια,Topolia,35.4283314,23.6861231
1361,
1362,
1363,Ἀνασέλιτσα,Ἀνασέλιτσα,Anaselitsa,40.3070,21.3282
1364,Άνω Βάνιτσα,Άνω Κώμη,Ano Komi,40.226808,21.8284235,Κάτω Βάνιτσα,Κάτω Κώμη,Kato Komi,40.2100422,21.8432835
1365,Βαντσικό,Κυδωνιές,Kydonies,40.1730772,21.2825476
1366,
1367,Βάρτσα,Βάρης,Varis,40.1238859,21.6673489
1368,Βελίστη,Ασπρούλα,Asproula,40.3358685,21.2864865,Βελίστη,Λευκοπηγή,Lefkopigi,40.2307536,21.7489936
1369,Βέντσια,Κέντρο,Kentro,40.0187929,21.6213865
1370,Βηλιά,Οροπέδιο,Oropedio,40.1154691,21.3147084
1371,Βιβίστα,Εκκλησία,Ekklisia,40.1491650,21.2554183
1372,
1373,Βίνιανη,Λευκάδι,Lefkadi,40.3021050,21.2802734
1374,Βιστρίτσα,Αλιάκμονας,Aliakmonas,40.2112261,21.5335625
1375,Βίτσι,Λόχμη,Lochmi,40.1676086,21.3880664
1376,Βοδεντσικό,Πολυνέρι,Polyneri,40.0494124,21.2029060
1377,Βοεβοδίνα,Σπηλιά,Spilia,40.4965302,21.8103366
1378,Βούρμποβο,Ιτέα,Itea,40.0633519,21.6151275
1379,Βραβονίστα,Καληράχη,Kalirachi,40.0813344,21.2888950
1380,Βράτσινο,Αναβρυτά,Anavryta,40.0610235,21.2770811
1381,Βρόντιζα,Βροντή,Vronti,40.2924995,21.2927137
1382,Βρόστιανη,Άγιοι Ανάργυροι,Agioi Anargyroi,40.2778380,21.1710564
1383,Γιάκοβη,Μεσοπόταμο,Mesopotamo,40.2280,21.4618
1384,Γκινόσιον,Μολόχα,Molocha,40.3626556,21.3542504
1385,Γκόβλιτσα,Κρόκος,Krokos,40.2622817, 21.8166341
1386,Γκομπλάρι,Μυρσίνα,Myrsina, 40.1230770, 21.4744382
1387,Γοστίμι,Πόρος,Poros,40.1073626,21.5285502
1388,Ἄνω Γραμματίκοβο,Άνω Γραμματικό,Ano Grammatiko,40.6964065,21.9371029,Κάτω Γραμματίκοβο,Κάτω Γραμματικό,Kato Grammatiko,40.7069729,21.8935663
1389,Γρεβενά,Γρεβενά,Grevena,40.0844637,21.4273985
1390,Δέβρη,Αναρράχη,Anarrachi,40.4925975,21.5709095
1391,Δέλινο,Τριγωνικό,Trigoniko,40.1098896,21.9320601
1392,Δέλνο,Πρόσβορο,Prosvoro,40.0900796,21.1966063
1393,Δημηνίτσα,Καρπερό,Karpero,39.9473139,21.6198505
1394,Δοβράνη,Έλατος,Elatos,40.0784886,21.3391208
1395,Δοβράτοβο,Βατόλακκος,Vatolakkos,40.1527841,21.4819028
1396,Δοβρούνιστα,Κληματάκι,Klimataki,40.2030895,21.3700877
1397,Δομαβίστη,Φλαμουρια,Flamouria,40.385306,21.503972
1398,Δρυάνοβον,Δρυόβουνο,Dryovouno,40.3709900,21.4430357
1399,Ζάλοβο,Τρίκωμο,Trikomo,39.9804115,21.3164887
1400,
1401,Ζαπανταῖοι,Λαγκαδιά,Langadia,39.9318366,21.3555805
1402,Ζηκοβίστα,Σπήλιος,Spilios,40.3576862,21.2036596
1403,Ζυγόστι,Μεσόλακκος,Mesolakkos,40.0855809,21.5137146
1404,Ζιμνιάτσι,Παλιουριά,Paliouria,39.9551765,21.7290189
1405,Ζουπάνιο,Πεντάλοφος,Petrovouni,40.1951856,21.1417858
1406,Ἴσβορος,Λευκόβρυση,Lefkovrysi,40.2725410, 21.7780324
1407,Καλιανή,Αιανή,Eani,40.1646181,21.8196675
1408,Κλεπίστιο,Πολυκάστανο,Polykastano,40.293808,21.1373611
1409,Κοζάνη,Κοζάνη,Kozani,40.3007259,21.7883119
1410,Κολάρτσα,Μανιάκι,Maniaki,37.0771526,21.7727669
1411,Κοντσικό,Γαλατινή,Galatini,40.318382,21.5522522
1412,Κόπριβα,Κνίδη,Knidi,40.0965501,21.5922457
1413,Κοσμάτι,Κοσμάτι,Kosmati,40.0018667,21.3380295
1414,Κότσανα,Περαία,Peraia,40.7369160,21.8221559
1415,Κρίφτσι,Κιβωτός,Kivotos,40.2048241,21.4438664
1416,ΚριμΚριμήνι,Κριμήνι,Krimini,40.2140118,21.2816839
1417,Λαμπάνιτσα,Μικρολίβαδο,Mikrilivado,39.9483762,21.2387947
1418,Λαβανίτσα,Λάβα,Lava,40.1538555,22.0201408
1419,Λαβάνιτσα,Πλακίδα,Plakida,40.3298498,21.2228371
1420,Λαμπάνοβο,Σήμαντρο,Simantro,40.3868093,21.323294
1421,Λείψι,Λείψι,Leipsi,40.1444740,21.2880359
1422,Λειψίστα,Νεάπολη,Neapoli,40.3128449,21.3873687
1423,Λεπινίτσα,Περιβολάκι,Perivolaki,40.0343477,21.2319019
1424,Λιμπίνοβο,Διάκος,Diakos,39.917643,21.4520621
1425,Λιμπίστοβο,Άγιος Ηλίας,Agios Ilias,40.3604149,21.1878991
1426,Λιμπόχοβο,Δίλοφο,Dilofo,40.1701629,21.1639485
1427,Λουζιανή,Ελάτη,Elati,39.9800612,21.8219084
1428,Λούμπινστα,Βαλάνια,Valania,39.8721759,21.680203
1429,Λούτιστα,Κερασώνα,Kerasona,40.3520456, 21.2035255
1430,Λουτσίσνο,Λαγκαδάκια,Lagadakia,40.1227758,21.5243095
1431,Μεσολογγόστι,Μεσολόγγος,ΜεσολMesolongos,40.3298671,21.246751
1432,Μόκρον,Λιβαδερό,Livadero,40.0344600,21.9433324
1433,Μπάλτινο,Καλλιθέα,Kallithea,39.8468413,21.355948
1434,Μπάνια,Αγία Παρασκευή,Agia Parasevi,40.27219,21.22104
1435,Δύσβατο Μπίσοβο,Κυπαρίσσι,Kyparissi,40.1370811,21.2273935
1436,
1437,Μπόζοβο,Πριόνια,Prionia,39.8826884,21.366448
1438,Μπουμπούστιον,Πλατανιά,Platania,40.3808754,21.3496852
1439,Μυλωτίνη,Μηλιά,Milia,40.2175158,21.8102166
1440,Νιζισκός,Φρούριο,Frourio,40.0656252,21.8117192
1441,Ντόλος,Βυθός,Vythos,40.2049656,21.132474
1442,Παλαιογράτσανο,Παλαιογράτσανο,Palaiogratsano,40.2178263,22.0715502
1443,Πέτσιανη,Τριάδα,Triada,40.2390659,21.2206318
1444,Πικριβενίτσα,Αμυγδαλιές,Amygdalies,40.1564567,21.3745928
1445,Πιπιλίστα,Νάματα,Namata,40.4166832,21.5211608
1446,Πλέσια,Μελίσσι,Melissi,39.9752716,21.5018688
1447,Πορτοράζ,Πρωτοχώρι,Protochori,40.2448710,21.7477248
1448,Ῥαδοβίστι,Ροδιά,Rodia,40.1462307,21.3278718
1449,Ῥαδοβίστι,Ροδοχώρι,Rodochori,40.2087876, 21.2916290
1450,Ῥαδοσίνιστα,Μέγαρο,Megaro,40.1129131,21.2655527
1451,Ραδουβίστα,Ροδιανή,Rodiani,40.2025508,21.7513456
1452,Ῥαδούνιστα,Κρυόβρυση,Kryovrysi,40.483688,21.5978504
1453,Ῥακίτα,Ολυμπιάδα,Olympiada,40.5701072,21.5997826
1454,Ῥάχοβο,Πολύρραχο,Polyrracho,40.1413446,21.9528639
1455,Ῥέζνη,Ανθούσα,Anthousa,40.2538469,21.2082314
1456,Ῥεντα,Διχείμαρρο,Dicheimarro,40.3066304,21.2323401
1457,Ῥεσούλιανη,Βέλος,Velos,40.379556,21.2938164
1458,Ῥιάχοβο,Παρόρειο,Parorio,39.9970781,21.3064869
1459,
1460,Σβόλιανη,Αγία Σωτήρα,Agia Sotira,40.2029654,21.1867685
1461,Σέλιτσα,Εράτυρα,Eratyra,40.3440628,21.5133332
1462,Σέρβια,Σέρβια,Servia,40.1846282,21.9990312
1463,Σιάτιστα,Σιάτιστα,Siatista,40.2601606,21.5509796
1464,Σινίχοβον,Δεσπότης,Despotis,40.0123799,21.4295703
1465,Σιρότσιανη,Λεύκη,Lefki,40.3003294,21.1977612
1466,Σίτοβο,Σιταράς,Sitaras,39.9479368,21.403854
1467,Σούλποβο,Άρδασσα,Ardassa,40.4777403,21.6341902
1468,Σούμπινο,Κοκκινιά,Kokkinia,40.2075292, 21.4835812
1469,Σύνιτσα,Τριφύλλι,Trifylli,39.8897486,21.6467199
1470,Σφίλτσι,Χρώμιο,Chromio,40.1348312,21.7394546
1471,Τίστα,Ζιάκας,Ziakas,40.0288814,21.2700572
1472,Τόριστα,Ποντινή,Pontini,40.0715240,21.6768431
1473,Τουρνίκι,Παναγία,Panagia,39.9726419,21.7311977
1474,Τρέμπενο,Καρδία,Kardia,40.44251,21.81417
1475,Τρέπιστα,Άγιος Χριστόφορος,Agios Christoforos,40.5146713,21.7565390
1476,Τριβένι,Σύνδενδρο,Syndendro,40.1204523,21.3509761
1477,Τσαρίστα,Άγιος Θεόδωρος,Agios Theodoros,40.2805500,21.2177969
1478,Χουλενίστα,Δίπορο,Dipor,39.9907379,21.6549392
1479,Χορηβόν,Χορηγός,Chorigos,40.3200059,21.3294723
1480,Ἀρμένσκον,Άλωνα,Alona,40.7770684,21.3030703
1481,Βαμπέλι,Μοσχοχώρι,Moschochori,40.6409387,21.0653732
1482,Βερνίκι,Βερνίκι,Vërnik,40.6446631,21.0243459
1483,Βιδόβα,Βιδόβα,Vidovë, 40.4786644, 20.9384659
1484,Βίνενι,Πύλη,Pyli,40.7761827,21.0390776
1485,Βύρμπενη,Ιτέα,Itea,40.8352231, 21.5143400
1486,Βογατσικό,Βογατσικό,Vogatsiko,40.4144244,21.3802200
1487,Βοσταράνη,Μελίτη,Meliti,40835,21.5847519
1488,Βουρβουτσικόν,Επταχώρι,Eptachori,40.2220648,21.0217742
1489,Βράψιν,Χειμάδι,Chimadi,40.59235485,21.54767108195631
1490,Βύσανη,Βυσσινιά,Vyssinia,40.6222262,21.3118659
1491,Βύσαντσκον,Πευκόφυτο,Pefkofito,40.2957467,20.9591494
1492,Βύτσιστα,Νίκη,Niki,40.3789313, 21.1051511
1493,Γαβρέσι,Γάβρος,Gavros,40.6264874,21.1894805
1494,Γιαννοβαίνη,Γιαννοχώρι,Giannochori,40.4483782,20.9245506
1495,Γκάλιστα,Ομορφοκκλησιά,Omorfokklisia,40.43125,21.1188164
1496,Γκέρλιανη,Χιονάτο,Chionato,40.4766911,21.0151241
1497,Γκλομποτσάνη,Γκλομποτσάνη,Gollomboç,40.8564405,20.9457266
1498,Γκόρισκο,Αγραπιδιές,Agrapidies,40.6491908,21.5360182
1499,Κάτω Γκόριτσα,Κάτω Γκόριτσα,Goricë e Vogël,40.878432,20.9261094,Άνω Γκόριτσα,Άνω Γκόριτσα,Goricë e Madhe,40.8944107,20.9037581
1500,Κέλλη,Κέλλα,,40.7862417,21.6892752
1501,Γκόσινο,Λαχανόκηποι,Lachanokipoi,40.4472132,21.2146913
1502,Γκράσδενι,Βροντερό,Vrondero,40.7417699,21.0177193
1503,Γκρέντση,Κάτω Πτελέα,Kato Ptelea,40.4662721,21.0728034
1504,Γράμμοστα,Γράμος,Grammos,40.3918803,20.8355259
1505,Δέμπενη,Δενδροχώρι,Dendrochori,40.5834026,21.1407075
1506,Δοβρόλιστα,Καλοχώρι,Kalochori,40.4864621,21.1335551
1507,Δόλιανη,Ζευγοστάσιο,Zevgostasio,40.3833273,21.1660307
1508,Δουπιάκοι,Δισπηλιό,Dispilio,40.4815689,21.2874320
1509,Δρανίτσι,Κρανοχώρι,Kranochori,40.4575161,21.0990453
1510,Δρανοβένη,Κρανιώνας,Kranionas,40.6192518,21.2135525
1511,Δράνοβο,Γλυκονέρι,Glykoneri,40.395911,20.99172
1512,Δρένοβο,Κρανιές,Kranies,40.7198942,21.0964323
1513,Δρομπίκιστα,Δασερή,Daseri,40.7568426,21.0729157
1514,Ἔζερετς,Πετροπουλάκι,Petropoulaki,40.3661715,21.1213635
1515,Έλλεβη,Λεβαία,Levaia,40.6464806,21.7026293
1516,Ἔλλοβο,Ελάτεια,Elatia,40.6715, 21.436667
1517,Ζαγοριτςάνη,Βασιλειάδα,Vasiliada,40.5658703,21.4298267
1518,Ζαγραδέτσι,Buzliqen,Buzliqen,40.6740777,21.0139067
1519,Ζαμπύρδανη,Λόφοι,Lofoi,40.7953255,21.5878525
1520,Ζαμπύρδενη,Μελάνθιο,Melanthiο,40.3958989,21.1290358
1521,Ζαρόσκα,Ζαρόσκα,Zaroshkë,40.7638872,20.9085018
1522,Ζελεγιράδ,Μεσόβραχο,Mesovracho,40.46494,20.9880302
1523,Ζελεγκόσδη,Πεντάβρυσο,Pentavryso,40.4552026,21.1432946
1524,Ζελήνη,Χιλιόδενδρο,Chiliodendro,40.4866915,21.1931794
1525,Ζέλοβο,Ανταρτικό,Antartiko,40.7584177,21.2065046
1526,Ζέρβαινη,Άγιος Αντώνιος,Agios Antonios,40.6353604,21.2751036
1527,Ζούζιλτση,Σπήλαια,Spilea,40.4043457,21.1773996
1528,Ζούζουλη,Ζούζουλη,Zouzouli,40.1757275,21.0294914
1529,Ζουμπάνιστα,Λεύκη,Lefki,40.5212836,21.2074196
1530,Ἴζγλιμπτ,Πορειά,Poreia,40.4892592,21.2146068
1531,Καλέβιστα,Καλή Βρύση,Kali Vrysi,40.4728573,20.9623810
1532,Ἄνω Καλίνικο,Ἄνω Καλλινίκη,Ano Kalliniki,40.8603087,21.453067,Κάτω Καλίνικο,Κάτω Καλλινίκη,Kato Kalliniki,40.8647804,21.4668356
1533,Καπέστιτσα,Καπέστιτσα,Kapshticë,40.6016318, 21.0106214
1534,Καστοριά,Καστοριά,Kastoria,40.5216577,21.2636504
1535,Κλαμπουτσίστα,Πολυπλάτανο,Polyplatano,40.8787696,21.4086498
1536,Άνω Κλέστινα,Άνω Κλεινές,Ano Kleines,40.8451863,21.3820905,Κάτω Κλέστινα,Κάτω Κλεινές,Kato Kleines,40.8496888,21.3980951
1537,Κομανίτσοβον,Λιθιά,Lithia,40.5200490,21.4096630
1538,Πολυάνεμος,Πολυάνεμο,Polianemo,40.5345841,21.0393651
1539,Κοτέλτσι,Κοτύλη (ερείπια),Kotyli (ruins),40.3275698,20.9964330
1540,Ἄνω Κόττορι,Άνω Υδρούσσα,Ano Ydrousa, 40.7003417, 21.4750606,Κάτω Κόττορι,Υδρούσσα,Ydrousa,40.7223042, 21.4601495
1541,Κουτσκοβαίνη,Πέρασμα,Perasma,40.7533373,21.4674341
1542,Κρουσουράτη,Αχλάδα,Achlada,40.8620060,21.6133666
1543,Κωνομπλάτη,Μακροχώρι,Makrochori,40.6721035,21.2620125
1544,Κωσταρίζι,Κωσταράζι,Κωσταράζι,40.4491259,21.3639879
1545,Κωστενέτσι,Ιεροπηγή,Ieropigi,40.578629,21.0804081
1546,
1547,Λάγγα,Λάγκα,Lagka,40.3495475,21.0807453
1548,Λάζενη,Μεσονήσι,Mesonisi, 40.7963801, 21.4705840
1549,Λαμπανίστα,Άγιος Δημήτριος,Agios Dimitrios,40.5861,21.0631
1550,Λέσκα,Λέσκα,Lajthizë,40.77793,20.8897707
1551,Λέσκοβετς,Λεπτοκαρυές,Leptokaryes,40.7466281,21.5091023
1552,Λέχοβον,Λέχοβο,Lechovo,40.5845405,21.4920808
1553,Λητσοτέρι,Περιστερά,Peristera,40.3864414,21.0024841
1554,Λιουμπέτινον,Πεδινό,Pedino,40.6590811,21.5889468
1555,Λίτσιστα,Πολυκάρπη,Polykarpi,40.5209380,21.3196600
1556,Λόσνιτσα,Γέρμας,Germas,40.4557826,21.4288230
1557,Λούδοβο,Κρύα Νερά,Krya Nera,40.4193542,21.1761789
1558,Μαύροβο,Μαυροχώρι,Mavrochori,40.5122622,21.3197749
1559,Μέδοβο,Μηλεώνας,Mileonas,40.8252728,21.1337484
1560,Μόκραινη,Βαρικό,Variko,40.5398001,21.5024379
1561,Μπάνιτσα,Βεύη,Vevi,40.7674406,21.6163022
1562,Μπελκαμένη,Καστοριάς - Φλώρινας,,40.6989690,21.4670431
1563,Μπέσφινα,Σφήκα,Sfika,40.7117936,21.1470235
1564,Μπίτουσα,Παρόρειο,Paroreio,40.8598814,21.3690697
1565,Μπλάτση,Οξυά,Oxya,40.6103441,21.3484805
1566,Μπόμπιστα,Βέργα,Verga,40.5522685,21.4461679
1567,Μπομπόκη,Σταυροπόταμος,,40.5454014,21.3920798
1568,Μπορέσνιτσα,Παλαίστρα,Palestra,40.8027735,21.5160519
1569,Μπούκοβικ,Οξυά,Oxya,40.7405253,21.1319020
1570,Μπρέσνιτσα,Βατοχώρι,Vatochori,40.6708146,21.1492585
1571,Μπρέστενη,Αυγή,Avgi,40.4492842,21.1751390
1572,Μυροσλάβιστα,Μυροβλύτης,Myrovlytis,40.3365, 20.923667
1573,Νέβεσκα,Νυμφαίο,Nymfeo,40.6442181,21.4938307
1574,Ἄνω Νεβόλιανη,Σκοπιά,Skopia,40.7638122,21.4105337,Κάτω Νεβόλιανη,Βαλτόνερα,Valtonera,40.6370329,21.5856535
1575,Νεγοβάνη,Φλάμπουρο,Flampouro,40.7054805,21.5218129
1576,Νεγοτςάνη,Νίκη,Niki,40.9087378,21.4213034
1577,Νέογρατ,Βέγορα,Vegora,40.6804093,21.7147353
1578,Νερέτη,Πολυπόταμο,Polypotamo,40.7177639,21.3658102
1579,Νεστράμι,Νεστόριο,Nestorio,40.4167995,21.0573267
1580,Νίβιστα,Ψαράδες,Psarades,40.8299400,21.0308956
1581,Νοβοσέλι,Κορφούλα,Korfoula,40.5293575,21.0106212
1582,Ὄμοτσκο,Λειβαδοτόπι,Leivadotopi,40.4220137,20.9601873
1583,
1584,Ὄροβνικ,Καρυές,Karyes,40.7612828,21.1486861
1585,Ὄσιανη,Οινόη,Oinoi,40.5161057,21.0839931
1586,Ὀσνίτσανη,Καστανόφυτο,Kastanofιto,40.3619041,21.1559152
1587,Ὄστιμα,Τρίγωνο,Trigono,40.7412036,21.2031349
1588,Ὀψίρινα,Εθνικό,Ethniko,40.8707858,21.3553577
1589,Ἄνω Παπράτσκο,Πτεριά,Pteria,40.5059164,21.055323,Κάτω Παπράτσκο,Κάτω Πτεριά,Kato Pteria,40.510649,21.0460005
1590,Πεσόσνιτσα,Αμμοχώρι,Ammochori,40.7829940,21.4831878
1591,Πέτερσκον,Πέτρες,Petres,40.7276850,21.6721308
1592,Πετοράκι,Τριπόταμος,Tripotamos,40.8242971,21.5007810
1593,Πλησεβίτσα,Κολχική,Kolchiki,40.7394671,21.4833892
1594,Ποδοβίστα,Χαλάρα,Chalara,40.6461947,21.2323873
1595,Πόπλη,Λευκώνας,Lefkonas,40.7900242,21.1390613
1596,Ποπόζιανη,Παππαγιάννης,Papagiannis,40.838769,21.4974311
1597,Πύστετσ,Πύστετσ,Pustec,40.7878903, 20.9012170
1598,Πρεκοπάνα,Περικοπή,Perikopi,40.6167788,21.4143438
1599,
1600,
1601,Ῥαδιγκόσδη,Αγία Άννα,Agia Anna,40.4363467,21.0831071
1602,Ῥακίτσκα,Ῥακίτσκα,Rakickë,40.7133436,20.9798012
1603,Ῥάκοβο,Κρατερό,Kratero,40.8565348,21.3130482
1604,Ῥόσνα,Σιταριά,Sitaria,40.7908029,21.5428429
1605,Ῥούδαρι,Καλλιθέα,Kallithea,40.7993015,21.1538541
1606,Ῥούδνικ,Ανάργυροι,Anargyroi,40.6033129,21.6124432
1607,Ῥούλια,Κώτας,Kotas,40.6937105,21.1704725
1608,Σακούλεβο,Μαρίνα,Marina,40.8621976,21.4924879
1609,Σδράλτση,Αμπελόκηποι,Ampelokipi,40.4660527,21.3101523
1610,Σέτινα,Σκοπός,Skopos,40.867295,21.6411776
1611,Σέτομα,Κεφαλάρι,Kefalari,40.5707082,21.2682678
1612,Σεστέβο,Σιδηροχώρι,Sidirichori,40.5945295,21.2729069
1613,Σκούμτσικο,Βράχος,Vrachos,40.3518487,21.0894201
1614,Σκράπαρη,Ασπρονέρι,Asproneri,40.4260248,21.2348815
1615,Σλάτινα,Χρυσή,Chrysi,40.2746482,20.9754
1616,Σλήμνιτσα,Τρίλοφος,Trilofos,40.4601174,20.8737046
1617,Σλίβενη,Κορομηλιά,Koromilia,40.5349205,21.1818611
1618,Σμαρδέσι,Κρυσταλλοπηγή,Krystallopigi,40.6370451,21.0851202
1619,Σόροβιτς,Αμύνταιο,Amyndeo,40.6897584,21.6790753
1620,Σουαγόρα,Ξεροβούνι,Mali i Thatë,40.8834113,20.8405269
1621,Σπάντσα,Φανός,Fanos,40.6739688,21.6014718
1622,Σταρίτσανη,Υψηλό,Ypsilo,40.4395906,21.1603659
1623,Στάτιστα,Μελάς,Melas,40.7039342,21.2642230
1624,Στένσκο,Στενά,Stena,40.4354125,21.0410883
1625,Στρέμπενο,Ασπρόγεια,Asprogeia,40.6135328,21.4701604
1626,Στύρκοβα,Πλατύ,Platy,40.8137488, 21.1323733
1627,Τέρνοβο,Αγκαθωτό,Ankathoto,40.708833, 21.0415
1628,Τέρστενικ,Τέρστενικ,Trestenik,40.5731711,21.0179875
1629,Τέρστικα,Ακόντιο,Akontio,40.4920646,21.0442983
1630,Τίκβενη,Κολοκυνθού,Kolokynthou,40.5042076,21.2113141
1631,Τούμινετς,Τούμινετς,Tuminec,40.8989343,20.9393111
1632,Τούρια,Κορυφή,Koryfi,40.7053885,21.3008621
1633,Τσερέσνιτσα,Πολυκέρασο,Polykeraso,40.5937071,21.3655099
1634,Τσερνολίστα,Μαυρόκαμπος,Mavrokampos,40.6287109,21.2333505
1635,Τσέροβο,Κλειδί,Kleidi,40.748491,21.6403068
1636,Τσιρίλοβο,Άγιος Νικόλαος,Agios Nikolaos,40.5003993,21.3968649
1637,Τύρνοβο,Πράσινο,Prasino,40.7248312,21.1969562
1638,Τύρσια,Τρίβουνο,Trivouno,40.7399420,21.2983584
1639,Φωτεινίστα,Φωτεινή,Foteini,40.5418268,21.3405600
1640,Χασάνοβο,Μεσοχώρι,Mesochori,40.8841381,21.5133846
1641,Χίντσκο,Ανατολικό,Anatoliko,40.5444742,21.7481217
1642,Χόλιστα,Μελισσότοπος,Melissotopos,40.5778120,21.3976599
1643,Χρούπιστα,Άργος Ορεστικό,Argos Orestiko ,40.452622,21.2578806
1644,Ψέλτσκον,Κυψέλη,Kypseli,40.2887590,21.0294134
1645,Βέρτεκοπ,Σκύδρα,Skydra,40.7677111,22.1552339
1646,Βέστιστα,Πολυπλάτανος,Polyplatanos,40.6833714,22.1918697
1647,Βλάδοβο,Άγρας,Agras,40.8067668,22.0032054
1648,Ἔσω Βλαχ,Εσώβαλτα,Esovalta,40.7075035,22.2622166,Ἔζω Βλαχ,Εξώβαλτα,Exovalta,40.72137,22.25693
1649,Βοδηνά,Έδεσσα,Edessa,40.8008523,22.0503508
1650,Βόλτσιτσα,Υδραία,Ydraia,40.9607387,22.0828357
1651,Βούδριστα,Παλαιός Μυλότοπος,Palaios Mylotopos,40.8027567,22.3266105
1652,Βουλκογιάννοβο,Λύκοι,Lykoi,40.8393025,21.9960556
1653,Βρέζ,Άγιος Λουκάς,Agios Loukas,40.7204056,22.2952215
1654,Γάβριστα,Δωροθέα,Dorothea,40.9953330,22.0582039
1655,Γιαβόργιαννη,Πλατάνη,Platani,40.7610844,22.0479422
1656,Γιαννάκοβο,Γιαννακοχώρι,Giannakochori,40.6728526,22.0561528
1657,Γκολεσιάνη,Λευκάδια,Lefkadia,40.6534974,22.1175227
1658,Γκόλο Σέλο,Ακρολίμνη,Akrolimni,40.6815696,22.2644223
1659,Γουμενίτσα,Γουμένισσα,Goumenissa,40.9466441,22.4519413
1660,Γρόπινον,Δάφνη,Dafni,40.7704298,22.2343840
1661,Δάμποβο,Βαλτοτόπι,Valtotopi,40.9412183,22.5714879
1662,Δρέβενο,Πύλη,Pyli,41.05334,22.50738
1663,Ζλάτινα,Χρυσή,Chrysi,40.9451645,22.1164780
1664,Ἴσβορ,Πηγή,Pigi,41.0105049,22.4987251
1665,Καλλίνιτσα,Καλή,Kali,40.818854,22.1773739
1666,Κάμενικ,Πετραία,Petraia,40.7199642,22.1443021
1667,Καπίνιανη,Εξαπλάτανος,Exaplatanos,40.9771284,22.1288523
1668,Κονίκοβο,Δυτικό,Dytiko,40.8570191,22.5295616
1669,Κοσίνοβο,Πολύπετρο,Polypetro,40.877153,22.5138951
1670,Κουζούσιανη,Φιλώτεια,Filotia,41.0333413,22.1530113
1671,Κρίβα,Γρίβα,Griva,40.9545479,22.4099636
1672,Κρουτσέλοβο,Κερασιά,Kerassia,40.8770073,21.962989
1673,Κωστελούπ,Κωνσταντία,Konstantia,40.9992319,22.1732111
1674,Κωστούργιαννη,Ξιφιανή,Xifiani,40.9287094,22.0803229
1675,Λέσκοβο,Τρία Έλατα,Tria Elata,41.0347, 22.2435
1676,Λιποχώρι,Λιποχώρι,Lipochori,40.7577067,22.1786031
1677,Λιτοβόκ,Λεπτοκαρυά,Leptokarya,40.8613792,22.4621914
1678,Λοζάνοβο,Παλαίφυτο,Palaifyto,	40.7836994,22.2731422
1679,Λουγγούνσα,Λαγκαδιά,Langadia,41.1106175,22.2692462
1680,Λούκοβιτς,Σωτήρα,Sotira,40.8578755,22.0455598
1681,Λούμνιτσα,Σκρα,Skra,41.0936257,22.3828755
1682,Μαυρένοβο,Μαύρο,Mavro,40.86105,22.21689
1683,Μόγλαινα,Αλμωπίας,Almopia,41.010216,22.0516111
1684,Μπάνια,Λουτροχώρι,Loutrochori,40.7236636,22.1092798
1685,Μπαρίνοβο,Λιπαρό,Liparo,40.7477617,22.2491781
1686,Μπαροβίτσα,Καστανερή,Kastaneri,40.9785464,22.3865318
1687,Μπάχοβο,Πρόμαχοι,Promachoi,41.0249744,22.004465
1688,ΜπίζοβοΜεγαπλ,Μεγαπλάτανος,Megaplatanos,40.9414771,21.9732264
1689,Μοέμιτσα,Αξιούπολη,Axioupoli,40.9855498,22.5422841
1690,Μπόζετς,Άθυρα,Athyra,40.8253044,22.5910137
1691,Νιδέρτσεβο,Άνυδρο,Anydro,40.8331369,22.2078944
1692,Νοβοσέλτσι,Νερόμυλοι,Neromyli,41.0229317,22.1877096
1693,Ὀρύζαρτση,Ρύζια,Ryzia,40.9289655,22.5708886
1694,Ὄσλιανη,Αγία Φωτεινή,Agia Foteini,40.7135846,22.0009793
1695,Ὄσλοβο,Παναγίτσα,Panagitsa,40.8515511,21.8493488
1696,Ὄσσιανη,Αρχάγγελος,Archangelos,41.0830621,22.2801419
1697,Ὄστροβο,Άρνισσα,Arnissa,40.7934982,21.8350358
1698,Πάτοτσιν,Πάτημα,Patima,40.84933,21.93626
1699,Πέτγα,Πεντάλοφος,Pentalofo,40.9292572, 22.4112086
1700,Πέτροβον,Άγιος Πέτρος,Agios Petros,40.8669916,22.5834681
1701,Πλάσνα,Κρύα Βρύση,Krya Vrysi,40.6866777,22.3023982
1702,Πούγαρ,Λουδίας,Loudias,40.73802,22.31967
1703,Πόδος,Φλαμουριά,Flamouria,40.752848,22.0162912
1704,Άνω Πόζαρ,Άνω Λουτράκι,Ano Loutraki,40.9804651,21.9048714,Λουτράκι,Loutraki,40.9711885,21.947298
1705,Πόλιανη,Πολυκάρπι,Polykarpi,40.9252033,22.0182047
1706,Πότσεπ,Μαργαρίτα,Margarita,40.8816511,22.0307946
1707,Πρεμπόδιστα,Σωσάνδρα,Sosandra,40.9991024,22.0340823
1708,Πρόσνα,Βραστή,Vrasti,40.69131,22.33503
1709,
1710,Ῥαδομίρ,Ασβεσταρειό,Asvestareio, 40.8726242, 22.4127021
1711,Ῥανίσλαβ,Αγάθη,Agathi,41.0085734,22.0627867
1712,Ῥίζοβον,Ριζό,Rizo,40.7347861,22.1379653
1713,Άνω Ρόδοβο,Άνω Κορυφή,Ano Koryfi,40.9327, 21.9038,Κάτω Ρόδοβο,Κάτω Κορυφή,Kato Koryfi,40.9167587,21.9273739
1714,Ῥοσίλοβο,Ξανθόγεια,Xanthogeia,40.80609,21.8557036
1715,Ῥούδινο,Άλωρος,Aloros,40.9283074,22.0905774
1716,Σαρακίνοβο,Σαρακηνοί,Sarakinoi,40.9154565,21.9535073
1717,Σέβρενη,Βορεινό,Voreino,41.0288514,22.0818638
1718,Σερμαρίνοβο,Μαρίνα,Marina,40.6909525,22.1012092
1719,Σέχοβο,Ειδομένη,Eidomeni,41.1220770,22.5108649
1720,Σλάτιτσα,Πέλλα,Pella,40.76572,22.46309
1721,Σλώπνιτσα,Δογάνης,Doganis,41.0942148,22.5222335
1722,Σμπόρτσκο,Πευκωτό,Pefkoto,41.0705203,22.0914431
1723,Σούμποσκον,Αριδαία,Aridaia,40.9755942,22.0613735
1724,
1725,Στράϊστα,Ίδα,Ida,41.0103257,22.1763206
1726,Στρούπινο,Λυκόστομο,Lykostomo,40.9894462,21.9838303
1727,Τέχοβο,Καρυδιά,Karysia,40.8480088,21.9554143
1728,Τοσίλοβο,Στάθης,Stathis,40.949908,22.4994324
1729,Τούδορτσι,Θεοδωράκι,Theodoraki,40.9496735,22.1916807
1730,Τρέμπολιτς,Μαυροβούνι,Mavrovouni,40.7819930, 22.1554269
1731,Τρέσινο,Όρμα,Orma,40.9518409,21.9264314
1732,Τρέστενικ,Θηριόπετρα,Thiriopetra,41.0578284,22.1605350
1733,Τριφούλτσεβο,Τριφύλλι,Trifylli,40.7896407,22.2637669
1734,Τσεγάνη,Άγιος Αθανάσιος,Agios Athanasios,40.8408386,21.7697019
1735,Τσεκόβιανη,Εκκλησιοχώρι,Ekklisiochori,40.8141759,22.0660365
1736,Τσέρνα Ρέκα,Κάρπη,Karpi,40.9841993,22.4201444
1737,Τσερνέσοβο,Γαρέφι,Garefi,41.0319648,22.0439338
1738,Τσιγάροβο,Άνυδρο,Anydro,40.8761,22.2995
1739,Ἀβαρνίκεια,Τρίλοφο,Trilofo,40.5722779,22.1513102
1740,Ἀμάτοβο,Άσπρος,Aspros,40.9007273,22.6304927
1741,Αρδαμέρι,Αρδαμέρι,Ardameri,40.5942590,23.1840224
1742,
1743,Βάλτα,Κασσάνδρεια,Kassandreia,40.048281,23.4111827
1744,Βαρβαροφτσα,Αξιοχώρι,Axiochori,40.8750217,22.6423974
1745,Βέτιστα,Αγγελοχώρι,Angelochori,40.6784378,22.1990655
1746,Βισόκα,Όσσα,Ossa,40.8373331,23.2047911
1747,Βλαδάγκα,Ακρίτας,Akritas,41.1454197,22.744051
1748,
1749,
1750,
1751,Βορένος,Νικομηδινό,Nikomidino,40.6362649,23.2728610
1752,Βόσοβα,Σφηκιά,Sfikia,40.3856593,22.2081131
1753,Βουλτίστα,Λιβάδι,Livadi,40.5004638,22.4383393
1754,Βρασνά,Βρασνά,Vrasna,40.7041717,23.6528565
1755,Βρυάζα,Βρία,Vria,40.2735265,22.3236320
1756,
1757,
1758,Γκερπασέλ,Καστανιές,Kastanies,41.0260702,22.7666654
1759,Γκριτζάλη,Αγκαθιά,Agkathia,40.5556256,22.4716033
1760,Γκόλα,Κορυφή,Koryfi,41.1572568,22.8287152
1761,
1762,Γραδεμπόρ,Πεντάλοφος,Pentalofos,	40.7434244,22.8530027
1763,Γραμμάτινα,Ευκαρπία,Efkarpia,41.0732339,22.9079748
1764,
1765,Διαβόρνιτσα,Τρίλοφο,Trilofo,40.5722779,22.1513102
1766,
1767,Δόλιανη,Κουμαριά,Koumaria,40.5172197,22.0880892
1768,Δουμπιά,Δουμπιά,Doumpia,40.5126062,23.3509843
1769,Δραγομίρ,Βαφιοχώρι,Vafiochori,41.0098074,22.6615027
1770,Δράτσικο,Δάσκιο,Daskio,40.3360797,22.1729459
1771,Δριάνιστα,Μοσχοπόταμος,Moschopotamos,40.3264242,22.3090812
1772,
1773,Δρυμίγκλαβα,Δρυμός,Drymos,40.7811393,22.9586161
1774,Ζάροβα,Νικόπολη,Nikopoli,40.8874985,23.1806950
1775,Ζουμπάτες,Τρίλοφος,Trilofos, 40.4682554, 22.9712114
1776,Θεοδώροβο,Θεοδώρειο,Theodoreio,41.2382324,22.9468081
1777,Ἴσβορο,Στρατονίκη,Stratoniki,40.5274246,23.762404
1778,Καζάνοβο,Κοτύλη,Kotyli,40.9786734,22.6660489
1779,
1780,Καλιάνη,Άλωρος,Aloros,40.58332,22.59999
1781,Καλίννοβο,Σουλτογιανναίικα,Soultogiannaiika,41.0866309,22.6768309
1782,
1783,Καρίτσα,Καρίτσα,Karitsa,40.1882158,22.4826810
1784,
1785,
1786,Κόκκοβα,Πολυδένδρι,Polydendro,40.4197403,22.2390693
1787,Κοπανός,Χαρίεσσα,Chariessa,40.6515977,22.1659347
1788,
1789,Κούσοβο,Κοκκινιά,Kokkinia,41.0733784,23.0082614
1790,
1791,
1792,Λαγκαδάς,Λαγκαδάς,Langadas,40.7499952,23.0667613
1793,Λέλοβο,Άγιος Αντώνιος,Agios Antonios,41.1117216,23.0592004
1794,
1795,Λιαρίγκοβη,Αρναία,Arnea,40.4862935,23.5950593
1796,Λιγκοβάνη,Ξυλόπολη,Xylopoli,40.9267019,23.1787875
1797,Λιμπάνοβο,Αιγίνιο,Aiginio,40.5022322,22.5413936
1798,Λόγγος,Λόγγος,Longos,40.12193,23.86754
1799,
1800,
1801,
1802,
1803,Λόντζιανο,Παλιάμπελα,Paliampela,40.5113676,22.5032812
1804,Λουζίτσα,Τριπόταμος,Tripotamos,40.4930347,22.1801555
1805,Λουτζίκ,Μελισσουργός,Melissourgos,40.598779,23.473897
1806,
1807,Λυκοβίστα,Παλαιά Λυκόγιαννη,Palaia Lykogianni,40.5982196,22.2411850
1808,Ματσίκοβο,Εύζωνοι,Evzoni,41.1047002,22.5575583
1809,
1810,Μαύροβο,Μαυρούδα,Mavrouda,40.8040848,23.4671211
1811,Μελάφτσα,Ηλιόλουστο,Iliolousto,41.0626974,22.7312703
1812,
1813,Μικρογούζι,Μακροχώρι,,40.5535448,22.2539231
1814,Μοράφτσα,Αντιγόνεια,Antigoneia,41.1286273,22.8766155
1815,
1816,
1817,Μουτούλοβο,Μεταξοχώρι,Metaxochori,41.0692192,22.9600257
1818,Μπαλάφτσα,Κολχικό,Kolchiko,40.7563425,23.1313263
1819,Μπάλτζα,Μελισσοχώρι,Melissochori,40.7680012,22.9285653
1820,
1821,
1822,Μπόστιανη,Ριζώματα,Rizomata,40.3507751,22.2116467
1823,Μπουγαρίοβο,Νέα Μεσημβρία,Nea Mesimvria,40.7515206,22.7702834
1824,Μπρατίνιστα,Εξοχή,Exochi,40.3492848,22.4288400
1825,Μπρές,Ακρόλιμνον,Akrolimni,41.2259756,22.7890672
1826,Μυλωβός,Μεγάλη Γέφυρα,Megali Gefyra,40.5332394,22.5258907
1827,Μύροβο,Ελληνικό,Elliniko,41.0012872,23.1063763
1828,Νάουσα,Νάουσα,Naousa,40.6305740,22.0696057
1829,Νούδα,Ξηροπόταμος,Xiropotamos,40.7624769,23.4835826
1830,
1831,Ὀρέβιτσα,Πευκοδάσος,Pefkodasos,41.0398741,22.5771270
1832,
1833,Παπράτ,Ποντοκερασιά,Pontokerasia,41.0891053,23.1297580
1834,
1835,
1836,Πλανίτσα,Φύσκα,Fyska,41.1106494,22.9942202
1837,Ποζαρίτες,Κεφαλοχώρι,Kefalochori,40.5692930, 22.3639034
1838,
1839,
1840,Πόποβο,Μυριόφυτο,Myriofyto,41.2231179,22.8282986
1841,
1842,
1843,
1844,Πρόβλακας,Νέα Ρόδα,Nea Roda,40.3815557,23.9234575
1845,Κάτω Ῥαβνά,Μαραθούσα,Marathoussa,40.5591800,23.4726677
1846,
1847,
1848,Ῥαδήλα,Οδηγήτρια,Odigitria,41.2287459,23.0064021
1849,Ῥάδιανη,Ρυάκια,Ryakia,40.4011746,22.3932482
1850,Ῥάχοβα,Ράχη,Rachi,40.4845719,22.2136908
1851,
1852,Ρεβενίκια,Μεγάλη Παναγία,Megali Panagia,40.4443351,23.6803681
1853,
1854,
1855,Ῥέσιανη,Βρυσάκι,Vrysaki,40.6199505,22.4038432
1856,Ῥετσινίκια,Άγιος Πρόδρομος,Agios Prodromos,40.4659399,23.3794557
1857,
1858,Ῥόμποβο,Ροδώνας,Rodonas,41.2449806,22.8511049
1859,
1860,Σάδενα,Καράβι,Karavi,40.53331,22.34834
1861,Σαλαμούροβο,Σαλαμούροβο,Salamourovo,40.73835,22.78831
1862,Σανά,Σανά,Sana,40.5070193,23.3758564
1863,Σέλι,Άνω Σέλι,Ano Seli,40.5876587,21.9347828
1864,Σεποτνίκια,Ριζά,Riza,40.5052756,23.4437490
1865,
1866,Σέσλοβο,Σεβαστό,Sevasto,40.9816367,22.9448173
1867,Σκοτίνα,Σκοτίνα,Skotina,40.0147179,22.5515015
1868,Σμόλη,Μικρό Δάσος,Mikro Dasos,41.0695071,22.5722528
1869,Σνέφτσα,Κεντρικό,Kentriko,41.1652403,22.8958522
1870,Σοκόλοβο,Παραπόταμος,Parapotamos,41.2398286,22.989381
1871,Σούλοβο,Σκεπαστό,Skepasto,40.8071901,23.5185643
1872,Σούρλοβο,Αμάραντα,Amaranta,41.189774,22.814498
1873,Σπάντσοβο,Λατομείο,Latomeio,41.0310934,22.6015452
1874,Στάνοβο,Στάνοβο,Stanovo,40.6838871, 23.0541141
1875,Στανός,Στανός,Stanos,40.5455492,23.5907786
1876,Στρέζοβο,Αργυρούπολη,Argyroupoli,40.9928332,22.9283797
1877,Στρόλογγος,Νέα Μάδυτος,Nea Madytos,40.6227255,23.5609255
1878,Σφίνιστα,Σφήνα,Sfina,40.55,22.49086
1879,Σοχός,Σοχός,Sochos,40.8184711,23.355278
1880,
1881,Τόπλιανη,Γεωργιανοί,Georgiani,40.4673759,22.1673827
1882,Τόχοβα,Τρίλοφος,Trilofos,40.3707566,22.4586162
1883,
1884,Τρίχλοβον,Τριλοφία,Trilofia,40.5490368,22.4532286
1885,Τριχοβίστα,Καμποχώρι,Kampochori,40.6090391,22.3696243
1886,Τσόρνοβο,Φυτειά,Fyteia,40.5629639,22.1094385
1887,Χέρσοβο,Χέρσο,Cherso,41.0898147,22.7797348
1888,Χράνη,Παλιά Χράνη,,40.3512250,22.5019978
1889,Χωροπάνι,Στενήμαχος,Stenimachos,40.6031034,22.1272918
1890,Χωρούδα,Χωρούδα,Chorouda,40.8893642,23.2569893
1891,
1892,Βεζνῖκο,Άγιο Πνεύμα,Agio Pnevma,41.1022362,23.6798442
1893,
1894,Κάτω Βερζιανή,Κάτω Ψυχικό,Kato Psychiko,40.9942103,23.6266788
1895,Βέτρινα,Νέο Πετρίτσι,Neo Petritsi,41.2759372,23.2943085
1896,Βίσιανη,Βίσιανης,Visiani,41.1309222,23.5039271
1897,
1898,Βουλτσίστα,Δόμιρος,Domiros,40.946139,23.9222189
1899,Βράνκοβο,Κάτω Καρυδιά,Kato Karydia,41.3926269,23.4047761
1900,
1901,Γκλαμπόφτσα,Καλοχώρι,Kalochori,41.2839475,22.931482
1902,Γκόρνιτσα,Καλή βρύση,Kali vrysi,41.1481539,23.9065327
1903,
1904,
1905,Γράτσιανη,Αγιοχώρι,Agiochori,41.0838507,23.9534193
1906,
1907,
1908,
1909,
1910,Δραγοτίν,Προμαχώνας,Promachonas,41.3626390,23.3593671
1911,Δραγόσι,Ζευγολατιό,Zevgolatio,41.0848453,23.2821793
1912,Δράτσοβο,Λευκοθέα, Lefkotea,41.0120998,23.9329829
1913,Ἔζιοβα,Δάφνη,Dafni,40.8572661,23.6526341
1914,Ἐλέσνιτσα,Φαιά Πέτρα,Faia Petra,41.2701358,23.4514924
1915,Ἔλσιανη,Καρπερή,Karperi,41.1326398,23.3067562
1916,
1917,
1918,Ζδραβίκ,Δραβήσκος,Draviskos,40.9243799,23.8717004
1919,Ζελιάχοβα,Νέα Ζίχνη,Nea Zichni,41.0307676,23.8285773
1920,
1921,
1922,Καρλίκοβα,Μικρόπολη,Mikropolis,41.1936363,23.8174094
1923,
1924,Κίρτσοβο,Καρυδοχώρι,Karydochori,41.3132365,23.5789535
1925,Κλεπούσνα,Αγριανή,Agriani,41.0894212,23.8278753
1926,Κοπάτσι,Βέργη,Vergi,40.9544938,23.3996716
1927,Κοπρίβα,Χείμαρρος,Cheimaros,41.1111451,23.2577984
1928,Κοσίνιτσα,Κοσίνιτσα,Kosinitsa,40.9658066,24.1049811
1929,
1930,Κότσανα,Ριζανά,Rizana,41.0187861,23.2150389
1931,Κουμάργιαννη,Κουμαριά,Koumaria,41.0153003,23.4349596
1932,Κρούσεβο,Αχλαδοχώρι,Achladochori,41.3194517,23.5395134
1933,Άνω Κρούσοβο,Άνω Κερδύλιο,Ano Kerdylio,40.8070261,23.7854904,Κάτω Κρούσοβο,Κάτω Κερδύλιο,Kato Kerdylio,40.8166726,23.8029015
1934,
1935,Λασκοβίκια,Μεσολακκιά,Mesolakkia,40.8318356,23.933963
1936,
1937,
1938,Λέχοβο,Κρασοχώρι,Krasochori,41.3984126,23.4914540
1939,
1940,
1941,Λοζίστα,Μεσόλοφος,Mesolofos,41.1898034,23.0849530
1942,
1943,
1944,
1945,Μακρινίτσα,Μακρινίτσα,Makrinitsa,41.2975425, 22.9830160
1946,Μελεγκίτσι,Μελενικίτσι,Melenikitsi,41.1465549,23.4422861
1947,
1948,Μπάνιτσα,Συμβολή,Symvoli,41.0288461,24.0421374
1949,Μπάνιτσα,Καρυές,Karié,41.2013480,23.6205841
1950,
1951,Μπούτκοβο,Κερκίνη,Kerkini,41.2173479,23.0847439
1952,Μρίσνα,Γόνιμο,Gonimo,41.2382792,23.2467791
1953,Νεόλιανη,Βαμβακιά,Vamvakia,41.0832828,23.3432582
1954,Νιγκοσλάβι,Νικόκλεια,Nikokleia,40.9326793,23.4276231
1955,Νοβοσελιότες,Νεοχώρι,Neochori,41.0518611,23.5802089
1956,Δράνοβο,Δράνοβο,Dranovo,41.1341950,23.7182035
1957,Ὄρλιακον,Στρυμωνικό,Strymoniko,41.0426214,23.3151575
1958,
1959,
1960,
1961,Ἄνω Πορόια,Ἄνω Πορόια,Ano Poroia,41.2870881,23.0350669,Κάτω Πορόια,Κάτω Πορόια,Kato Poroia,41.281776,23.0115198
1962,Πούρσοβα,Ανθοχώρι,Anthochori,41.1335274,23.9267144
1963,
1964,
1965,Προβίστα,Παλαιοκώμη,Palaiokomi,40.8731793,23.9036774
1966,Πρόσνικ,Σκοτούσσα,Skotoussa,41.1289955,23.3802097
1967,
1968,Ῥάβνα,Ίσωμα,Isoma,40.9871741,23.1630166
1969,Ῥάδοβο,Χαροπό,Charopo,41.2651378,23.3759333
1970,Ῥαϊκόφτσα,Καπνότοπος,Kapnotopos,41.3748453,23.3829513
1971,
1972,Ράχοβα,Ράχοβα,Rachova,41.1129, 23.6833
1973,Ῥαχοβίτσα,Νέα Ελβετία,Nea Elvetia,41.1589726,23.6115956
1974,Ῥεσίλοβον,Χαριτωμένη,Charitomeni,41.1659552,23.8504878
1975,Ροδολίβος,Ροδολίβος,Rodolivos,40.9221899,23.9728026
1976,Σάβιακο,Βαμβακόφυτο,Vamvakofyto,41.1786668, 23.3941251
1977,
1978,Σκρίτζοβα,Σκοπιά,Skopia,41.0914766,23.8961437
1979,
1980,Σπάτοβον,Κοίμηση,Kimisis,41.2135723,23.3020836
1981,Σταρός,Σταυροδρόμι,Stavrodromi,41.2126063,23.04776
1982,
1983,
1984,
1985,
1986,Τοπάλοβο,Νέα Τυρολόη,Nea Tyroloi,41.1123914,23.3766317
1987,Τοπολιάνη,Χρυσό,Chryso,41.0593808,23.6489698
1988,Τοπόλνιτσα,Τοπόλνιτσα,Topolnitsa,41.3871, 23.3271
1989,
1990,
1991,Τουρίτσα,Τριάδα,Triada,41.0851538,23.2543344
1992,ΚρυοπηγΤρεστενίτσα,Κρυοπηγή,Kryopygi,41.0369, 23.9356
1993,
1994,Τρίνκα,Δαμάσκηνο,Damaskino,41.3853820,23.3945599
1995,Τσερβίστα,Καπνόφυτο,Kapnofyto,41.2915303,23.5022277
1996,Τσερέπλιανη,Ηλιοκώμη,Iliokomi,40.9729581,24.0405547
1997,Τσερπίστα,Τερπνή,Terpni,40.9178468,23.4817638
1998,Ἄνω Φράσταινα,Ἄνω Ορεινή,Ano Oreini,41.2077202,23.5870006,Κάτω Φράσταινα,Ορεινή,Oreini,41.1971436,23.5913985
1999,Χομόνδος,Μητρούσι,Mitrousi,41.0708517,23.4601547
2000,Χότζιοβο,Άνω Καρυδιά,Ano Karydia,41.395342,23.4164915
2001,Χουμνικό,Χουμνικό,Choumniko,40.8797592,23.5836587
2002,Χωροβίστα,Άγιος Χριστόφορος,Agios Christoforos,41.0447359,23.7740228
2003,Βησωτσάνη,Ξηροπόταμος,Xiropotamos,41.1926178,24.1038779
2004,Βίτοβα,Δέλτα,Delta,41.416242,24.0779208
2005,Βλαδίκος,Οροπέδιο,Oropedio,41.3394197,24.2533028
2006,Βοδόβιστα,Αγία Παρασκευή,Agia Paraskevi,41.0197061,24.1601718
2007,Βουβλίτσι,Πύργοι,Pyrgoi,41.2523755,24.0246468
2008,Βούλκοβο,Χρυσοκέφαλος,Chrysokefalos,41.3770673,23.8680529
2009, 
2010,
2011,Γιαόρ,Διάμεσο,Diameso,41.3740347,24.5014257
2012,Γκόργιανη,Γεωργιανή,Georgiani,40.9571455,24.1487303
2013,Γκόρνοβα,Βουνοπλαγιά,Vounoplagia,41.3354239,24.5172782
2014, 
2015,Δάροβα,Κεχρόκαμπος,Kechrokampos,41.1563918,24.6365707
2016,Δόμπλεν,Διπλοχώρι,Diplochori (Dablen),41.4133039,24.1317398
2017,Δρανίτσι,Αντιφίλιπποι,Antifilippoi,40.9463863,24.2101661
2018,Δράνοβα,Χορτοκόπι,Chortokopi,40.9307731,24.2406844
2019,Δράνοβον,Μοναστηράκι,Monastiraki,41.1880468,24.1694007
2020,Δρατζένιστα,Βοσκοτόπι,Voskotopi (Drazhenishta),41.4523493,24.2311795
2021,Δρατσίστα,Μελισσοχώρι,Melissohori (Drachishta),41.3141904,24.4110032
2022,Δρέζνα,Μυρτόφυτο,Myrtofyto,40.8247779,24.1969871
2023, 
2024,Ζάριτς,Υψηλή Ράχη,Ypsili Rachi (Zarich),41.2083937,24.3477867
2025,Ζερνοβίτσα,Καστανόχωμα,Kastanohoma (Zarnovitsa),41.3342346,24.1617814
2026,Ζύρνοβο,Κάτω Νευροκόπι,Kato Nevrokop,41.3435811,23.866879
2027,Σλίβια,Δαμασκηνιά,Damaskinia,41.0560081,24.7219428
2028,Ίζμιστα,Αγριοκερασιά,Αγριοκερασιά,41.4531639,24.0657647
2029,Κάλοβο,Καλύβα,Kalyva,41.288456,24.6218096
2030,Καρίλοβα,Ζαρκαδιά,Zarkadia (Karacalar ?),41.0186964,24.6403579
2031,Κάσιστα,Κριθαρίστρα,Kritaristra,41.4661724,24.1288105
2032,Κλεμποτσάρ,Κόψις,Kopsis (depopulated),41.2528117,24.3614732
2033,Κόνιστα,Πεύκοι,Pevki (depupulated),41.4120044,24.5067947
2034,Κορίτα,Κορίτα,Korita (depopulated),41.380673,24.308453
2035,Κότσανη,Κότσανη,Kotsani (depopulated),40.898889,24.211111
2036,Κοτσκάρι,Ελαιοχώρι,Elaiochori,40.8205529,24.2439440
2037,Κουμπάλιστα,Κοκκινόγεια,Kokkinogeia,41.1910219,23.9332171
2038,Κουρίτα,Κορυφές,Koryfes,41.0514647,24.4455581
2039,Κοστέν,Ψυχρό,Psychro (depopulated),41.436823,24.1612485
2040,Λακάβιστα,Λακκούδα,Lakouda (Dolna Lakavitsa),41.4016633,24.1861272, Λακάβιστα,Μικροκλεισούρα,Mikrikleisoura (Gorna Lakavitsa),41.3864673,24.0575657
2041,Λακκοβίκια,Οφρύνιο,Ofrynio,40.7967567,23.9109415
2042,Λιμπάν,Σκαλωτή,Skaloti (Liban),41.4111731,24.2828903
2043,Λιμποτίν,Μαυροκορδάτος,Mavrokordatos,41.2239384,24.3815586
2044,Λισάν,Πολυνέρι,Polyneri,41.2483002,24.4328828
2045,Λοφτίτσα,Καλλίκαρπο,Kallikarpo (Lovchishta),41.3985743,24.2175830
2046,Λόφτσα,Ακρινό,Akrino,41.400278, 23.698333
2047,Μοκρός,Λιβαδερό,Livadero,41.2833782,24.2095894
2048,Μπελέν,Σίλλη,Silli (Belen),41.3530174,24.5285083
2049,Μπελοτίντσα,Λευκόγεια,Lefkogia,41.4053606,23.8952158
2050,Μπίτσοβο,Πετρότοπος,Petrotopos (Bichovo),41.3909846,24.3306770
2051,Μπλάτσεν,Αχλαδιά,Achladia (Blatchen),41.3975971,24.0104082
2052,Μπόεβα,Καστανότο,Kastanoto,41.22305,24.5472572
2053,Μπόμπλιανη,Ακροπόταμος,Akropotamos,40.7895124,24.0354149
2054,Μπόριανη,Άγιος Αθανάσιος,Agios Athanasios,41.0750592, 24.2464043
2055,Μπόρνικ,Ασβεστόλιθος,Asvestolithos (Depopulated),41.337437,24.1848333
2056,Μπόροβο,Ποταμοί,Potami,41.3946989,24.0989962
2057,Μπούκια,Παρανέστι,Paranesti, 41.2666146, 24.5002964
2058,Μπούκοβο,Οξυά,Oxia (Bukovo),41.3759059,24.5208252
2059,Μπούρχοβο,Κόκκινα,Kokkina,41.3723526, 24.2610465
2060,Οσενίτσα,Σιδηρόνερο,Sidironero,41.3685819,24.2323703
2061,Όστιτσα,Μικρομηλιά,Mikromilia,41.4155116,24.1571793
2062, 
2063,Πάστροβα,Καλλίκρουνο,Kallikrouno,41.2652375,24.401739
2064,Πεπελές,Μυρσινερό,Mirsinero (Pepelash),41.3314588,24.1337551
2065,Πλεύνα,Πετρούσσα,Petroussa,41.1951710,24.0162286
2066,Ποδογόριανη,Ποδοχώρι,Podochori,40.8314857,24.0247005
2067,Πότσανα,Πότσανα,Potsana (depopulated),41.5171, 24.1191
2068,Πούλοβο,Εβρενές,Evrenes (depopulated), 41.481769,24.250914
2069,Πράβιον,Ελευθερούπολη,Eleftheroupoli,40.916219,24.2556959
2070, 
2071,Πρέτζοβα,Αμισιανά,Amisiana,40.9302178,24.3407336
2072,Πριμπόϊνα,Βουνόχωρο,Vounochoro,41.433075,24.2273
2073,Προσοτσάνη,Προσοτσάνη,Prossotsani,41.1778508,23.9695746
2074,Ραβένια,Μακρυπλάγιο,Makryplagio,41.225003,24.26236
2075,Ῥαβικα,Καλλίφυτος,Kallifytos,41.1730902,24.2137206
2076,Ῥακίστα,Κατάχλωρο,Katachloro, 41.451219,24.009676
2077,Ῥάσοβο,Λειμών,Limon,41.464405,24.217429
2078,Ῥατίσανη,Μονοπάτι,Monopati, 41.377549,24.391537
2079,Ῥούσκοβο,Καισαριανό,Kaisarianó,41.4048887,24.3167157
2080,Ῥούσοβο,Μαυρολίθι,Mavrolithi,41.254936,24.221506
2081,Σαμάκοβο,Δωμάτια,Domatia,40.8652492,24.1428489
2082,Σέλιανη,Φίλιπποι,Philippi,41.0249498,24.3391336
2083,Σουρδίλοβο,Σουρδίλοβο,Sourdilovo,41.487267, 24.101644
2084,Σκράνοβα,Ραχούλα,Rakhula,41.3373489, 24.4944090
2085,Στάρτιστα,Περιθώρι,Perithori,41.3141440,23.7791736
2086, 
2087,Τίκλοβα,Καστανιές,Kastanies, 41.3,24.333333
2088,Τίσοβα,Μαυροχώρι,Mavrochori (Tisovo),41.5073911,24.1245119
2089,Τιχότα,Τιχότα,Tichota,41.322879,24.337893
2090,Τόβλιανη,Εξοχή,Exochi,40.8795787,24.2372028
2091,Τσερέσοβο,Παγονέρι,Pagoneri,41.4012375,24.0300035
2092,Τσερέσοβο,Θησαυρός,Thysavros,41.383333,24.366667
2093,Τσέρκιστα,Συκίδια,Sykidia,41.349688,24.335082
2094, 
2095,Βαλνάτοβα,Αιμόνιο,Aimonio,41.3229281, 24.9065708
2096,
2097,Γρατινή,Γρατινή,Gratini,41.1430688, 25.5320686
2098,
2099,Ντολού,Τάλης,Talis, 41.1909678, 25.1688860
2100,Συρόκα Παρένα,Σιρόκο,Siroko,41.1799310, 24.8917628
2101,
2102,Σατνοβίτσα,Κύκνος,Kyknos,41.2595413, 24.8699919
2103,
2104,Βουλγάρ-κιοϊ,Ελληνοχώρι,Ellinochori,41.3736140,26.4604735
2105,
2106,Δομπράβα,Σιδηρώ,Sidiro,41.2465862,26.1314281
2107,
2108,
2109,
2110,
2111,
2112,
2113,
2114,Μεγάλη Τραύα,Δόξα,Doxa,41.4842594,26.2825365,Μικρά Τραύα,Βρύση,Vrysi,41.4907415,26.2985226
2115,
2116,
2117,
2118,
2119,
2120,
2121,
2122,
2123,
2124,
2125,
2126,
2127,
2128,
2129,
2130,
2131,
2132,
2133,
2134,
2135,
2136,
2137,
2138,
2139,Σάρνιτς,Κρωμνικό,Kromniko,41.1064886,24.7288401
2140,
2141,
2142,
2143,
2144,
